player_name,matches_played,mins,total_open_play_passes,successfull_open_play_passes,percentage_open_play_passes,in_final_third_total,in_final_third_successfull,in_final_third_percentage,crosses_total,crosses_successful,crosses_percentage,through_balls,player_id,club_name
Virgil van Dijk,38,3420,2792,2485,89.0%,561,410,73.1%,1,0,0.0%,2,p97032,Liverpool
Lewis Dunk,33,2837,2492,2301,92.3%,273,190,69.6%,5,1,20.0%,1,p83299,Brighton
Jan Paul van Hecke,36,3211,2521,2198,87.2%,499,333,66.7%,23,10,43.5%,1,p469142,Brighton
Trevoh Chalobah,34,2782,2283,2124,93.0%,241,183,75.9%,5,1,20.0%,4,p180736,Chelsea
Marc Guéhi,35,3150,2309,2070,89.7%,495,398,80.4%,17,3,17.6%,3,p209036,Man City
Elliot Anderson,38,3334,2383,2038,85.5%,748,582,77.8%,74,24,32.4%,9,p215379,Nott'm Forest
Ezri Konsa,34,3036,2098,2003,95.5%,221,177,80.1%,5,1,20.0%,1,p199798,Aston Villa
Bernardo Silva,38,2886,2205,1989,90.2%,749,630,84.1%,34,6,17.6%,11,p165809,Man City
Joachim Andersen,33,2877,2275,1958,86.1%,386,227,58.8%,15,4,26.7%,0,p174874,Fulham
William Saliba,31,2615,2104,1954,92.9%,311,258,83.0%,9,4,44.4%,7,p462424,Arsenal
Ibrahima Konaté,36,3100,2168,1943,89.6%,318,249,78.3%,3,1,33.3%,4,p204716,Liverpool
Matheus Nunes,34,2865,2157,1922,89.1%,704,600,85.2%,66,16,24.2%,5,p465351,Man City
Dominik Szoboszlai,36,3233,2187,1919,87.8%,791,660,83.4%,75,20,26.7%,7,p424876,Liverpool
Moisés Caicedo,33,2802,2053,1883,91.7%,482,394,81.7%,7,2,28.6%,12,p486672,Chelsea
Declan Rice,36,3099,2136,1865,87.3%,671,534,79.6%,47,15,31.9%,12,p204480,Arsenal
Marcos Senesi,37,3290,2319,1801,77.7%,621,330,53.1%,26,8,30.8%,14,p221466,Bournemouth
Enzo Fernández,36,3121,2040,1755,86.0%,743,574,77.3%,45,6,13.3%,25,p448047,Chelsea
Martín Zubimendi,38,3001,1928,1684,87.3%,530,414,78.1%,12,3,25.0%,9,p481655,Arsenal
Ryan Gravenberch,36,2996,1860,1653,88.9%,572,465,81.3%,7,0,0.0%,8,p441266,Liverpool
Bruno Fernandes,35,3066,1994,1639,82.2%,871,662,76.0%,76,23,30.3%,39,p141746,Man Utd
Rúben Dias,26,2140,1752,1629,93.0%,279,237,85.0%,9,3,33.3%,1,p171314,Man City
Pascal Struijk,34,2937,1839,1627,88.5%,253,171,67.6%,2,0,0.0%,1,p222694,Leeds
Micky van de Ven,35,3043,1770,1601,90.5%,159,111,69.8%,3,0,0.0%,0,p491279,Spurs
James Garner,38,3414,1793,1564,87.2%,593,490,82.6%,74,18,24.3%,10,p232928,Everton
Sander Berge,35,2911,1729,1553,89.8%,350,296,84.6%,13,3,23.1%,3,p207189,Fulham
Gabriel Magalhães,32,2751,1733,1528,88.2%,299,205,68.6%,5,1,20.0%,4,p226597,Arsenal
Malick Thiaw,35,2964,1695,1519,89.6%,254,192,75.6%,8,1,12.5%,1,p465642,Newcastle
Granit Xhaka,34,2903,1807,1512,83.7%,600,441,73.5%,26,7,26.9%,8,p84450,Sunderland
Curtis Jones,34,1929,1647,1509,91.6%,551,480,87.1%,15,1,6.7%,13,p206915,Liverpool
Calvin Bassey,30,2532,1706,1497,87.8%,232,157,67.7%,14,3,21.4%,0,p232892,Fulham
Luke Shaw,38,3231,1712,1486,86.8%,379,309,81.5%,42,6,14.3%,4,p106760,Man Utd
Ethan Ampadu,35,3123,1731,1482,85.6%,376,283,75.3%,26,10,38.5%,6,p199598,Leeds
Maxence Lacroix,35,3087,1656,1460,88.2%,176,92,52.3%,5,2,40.0%,1,p437499,Crystal Palace
Rodri,21,1513,1618,1458,90.1%,414,340,82.1%,6,1,16.7%,6,p220566,Man City
Nathan Collins,35,2972,1753,1457,83.1%,257,126,49.0%,1,1,100.0%,0,p432830,Brentford
Mateus Fernandes,36,3024,1562,1366,87.5%,456,346,75.9%,29,6,20.7%,14,p551226,West Ham
Nikola Milenkovic,38,3375,1539,1333,86.6%,203,122,60.1%,2,0,0.0%,1,p227444,Nott'm Forest
Sandro Tonali,35,2543,1563,1319,84.4%,512,374,73.0%,38,8,21.1%,3,p432422,Newcastle
Adrien Truffert,38,3380,1560,1302,83.5%,464,368,79.3%,141,32,22.7%,0,p494521,Bournemouth
Casemiro,34,2588,1600,1301,81.3%,436,306,70.2%,17,4,23.5%,13,p61256,Man Utd
Marc Cucurella,34,2710,1445,1268,87.8%,403,331,82.1%,43,13,30.2%,2,p179268,Chelsea
Joe Rodon,35,2953,1450,1267,87.4%,200,130,65.0%,6,3,50.0%,0,p214225,Leeds
Sepp van den Berg,32,2761,1422,1259,88.5%,163,99,60.7%,0,0,0.0%,1,p444765,Brentford
James Tarkowski,37,3330,1559,1257,80.6%,323,151,46.8%,7,2,28.6%,9,p17761,Everton
Bruno Guimarães,29,2455,1451,1250,86.2%,565,446,78.9%,37,8,21.6%,21,p208706,Newcastle
Alexis Mac Allister,37,2662,1438,1245,86.6%,457,366,80.1%,11,2,18.2%,5,p243016,Liverpool
João Gomes,35,2833,1455,1245,85.6%,388,288,74.2%,32,11,34.4%,4,p448089,Wolves
Chris Richards,33,2826,1479,1242,84.0%,217,133,61.3%,13,5,38.5%,3,p427623,Crystal Palace
Alex Iwobi,29,2434,1432,1219,85.1%,493,376,76.3%,53,17,32.1%,10,p153133,Fulham
Florian Wirtz,33,2388,1421,1201,84.5%,730,585,80.1%,18,0,0.0%,12,p494595,Liverpool
André,35,2766,1311,1198,91.4%,229,189,82.5%,13,3,23.1%,1,p509291,Wolves
Matty Cash,35,3020,1393,1191,85.5%,425,330,77.7%,83,14,16.9%,2,p199796,Aston Villa
Nico González,25,1567,1316,1189,90.3%,355,299,84.2%,3,1,33.3%,1,p465694,Man City
Alex Scott,37,2859,1393,1182,84.8%,376,265,70.5%,27,7,25.9%,10,p503139,Bournemouth
Reece James,29,1961,1324,1178,89.0%,369,301,81.6%,53,12,22.6%,6,p225796,Chelsea
Ferdi Kadioglu,37,3134,1367,1170,85.6%,483,400,82.8%,81,17,21.0%,2,p231416,Brighton
Maxime Estève,34,2937,1347,1170,86.9%,156,92,59.0%,6,2,33.3%,0,p477717,Burnley
Nico O'Reilly,34,2648,1354,1167,86.2%,402,326,81.1%,38,9,23.7%,1,p472769,Man City
Wesley Fofana,25,1726,1253,1154,92.1%,144,120,83.3%,2,1,50.0%,0,p444463,Chelsea
Yehor Yarmoliuk,37,2665,1347,1136,84.3%,329,223,67.8%,30,8,26.7%,2,p508395,Brentford
Kyle Walker,36,3097,1441,1115,77.4%,401,257,64.1%,32,6,18.8%,3,p58621,Burnley
Rayan Cherki,33,1786,1277,1104,86.5%,610,480,78.7%,31,10,32.3%,29,p466052,Man City
Pedro Porro,34,2798,1470,1102,75.0%,567,382,67.4%,155,35,22.6%,4,p441164,Spurs
Malo Gusto,34,2267,1264,1097,86.8%,379,308,81.3%,58,12,20.7%,9,p482609,Chelsea
Ladislav Krejcí,28,2361,1317,1087,82.5%,263,148,56.3%,17,4,23.5%,1,p431248,Wolves
Neco Williams,37,3206,1325,1084,81.8%,424,306,72.2%,121,23,19.0%,0,p215136,Nott'm Forest
Lewis Hall,30,2179,1261,1075,85.3%,411,324,78.8%,61,11,18.0%,3,p487838,Newcastle
Phil Foden,33,2084,1210,1067,88.2%,463,373,80.6%,23,4,17.4%,13,p209244,Man City
Omar Alderete,33,2802,1304,1057,81.1%,231,114,49.4%,11,3,27.3%,3,p201895,Sunderland
Pau Torres,21,1676,1168,1040,89.0%,203,145,71.4%,4,0,0.0%,1,p244954,Aston Villa
Sven Botman,25,1838,1190,1037,87.1%,86,41,47.7%,2,0,0.0%,0,p220237,Newcastle
Abdukodir Khusanov,21,1429,1080,991,91.8%,157,130,82.8%,3,1,33.3%,0,p578153,Man City
Cristian Romero,23,1872,1128,985,87.3%,162,104,64.2%,1,0,0.0%,0,p221632,Spurs
Morgan Gibbs-White,37,3110,1208,980,81.1%,583,439,75.3%,42,9,21.4%,10,p222531,Nott'm Forest
Adam Wharton,34,2562,1232,977,79.3%,414,279,67.4%,34,12,35.3%,21,p496221,Crystal Palace
Michael Kayode,37,3264,1141,970,85.0%,259,186,71.8%,56,14,25.0%,2,p607464,Brentford
Konstantinos Mavropanos,31,2528,1171,963,82.2%,192,98,51.0%,4,1,25.0%,0,p233963,West Ham
Diogo Dalot,34,2616,1132,962,85.0%,347,270,77.8%,57,17,29.8%,3,p216051,Man Utd
Youri Tielemans,25,1862,1129,959,84.9%,376,281,74.7%,24,7,29.2%,13,p166989,Aston Villa
Vitalii Mykolenko,33,2960,1188,948,79.8%,404,308,76.2%,92,19,20.6%,2,p224967,Everton
Murillo,25,2133,1132,946,83.6%,206,130,63.1%,2,0,0.0%,3,p575476,Nott'm Forest
Noah Sadiki,33,2894,1106,944,85.3%,304,227,74.7%,21,4,19.1%,4,p577669,Sunderland
Marcus Tavernier,34,2738,1128,943,83.6%,535,424,79.3%,67,9,13.4%,11,p201658,Bournemouth
Michael Keane,33,2590,1102,942,85.5%,155,81,52.3%,1,0,0.0%,2,p106611,Everton
Santiago Bueno,29,2553,1085,938,86.5%,134,76,56.7%,6,2,33.3%,2,p231480,Wolves
Josko Gvardiol,18,1374,1047,936,89.4%,252,203,80.6%,2,1,50.0%,3,p477424,Man City
Nordi Mukiele,32,2787,1189,935,78.6%,313,199,63.6%,86,14,16.3%,3,p200834,Sunderland
Kobbie Mainoo,28,1653,1047,934,89.2%,266,229,86.1%,13,4,30.8%,3,p516895,Man Utd
Idrissa Gueye,25,2101,1065,930,87.3%,326,260,79.8%,19,4,21.1%,4,p80801,Everton
Jurriën Timber,30,2457,1085,925,85.3%,434,344,79.3%,46,6,13.0%,9,p445122,Arsenal
Pascal Groß,19,1636,1073,922,85.9%,364,268,73.6%,56,21,37.5%,2,p60307,Brighton
Milos Kerkez,34,2260,1070,913,85.3%,389,307,78.9%,79,15,19.0%,2,p544877,Liverpool
Mathias Jensen,36,2252,1122,907,80.8%,440,307,69.8%,48,13,27.1%,13,p207283,Brentford
Enzo Le Fée,36,2934,1113,906,81.4%,415,301,72.5%,44,9,20.4%,16,p484420,Sunderland
Dan Ballard,29,2148,1103,906,82.1%,199,96,48.2%,1,0,0.0%,3,p223827,Sunderland
Jordan Henderson,32,1922,1158,902,77.9%,346,203,58.7%,38,12,31.6%,6,p56979,Brentford
Florentino,31,2112,1042,891,85.5%,231,171,74.0%,11,1,9.1%,3,p216055,Burnley
Tyler Adams,25,1778,1010,880,87.1%,227,181,79.7%,3,2,66.7%,2,p200785,Bournemouth
Leny Yoro,32,1739,987,873,88.5%,171,132,77.2%,3,1,33.3%,1,p550864,Man Utd
Rodrigo Bentancur,26,1892,1018,873,85.8%,208,159,76.4%,7,1,14.3%,3,p202993,Spurs
Kieran Trippier,21,1592,1061,861,81.2%,396,279,70.5%,45,10,22.2%,2,p77794,Newcastle
Jaka Bijol,25,1893,1010,857,84.8%,157,77,49.0%,1,0,0.0%,0,p434752,Leeds
João Palhinha,33,2197,1044,856,82.0%,211,135,64.0%,4,0,0.0%,1,p154296,Spurs
Kiernan Dewsbury-Hall,31,2635,1026,846,82.5%,482,368,76.3%,52,10,19.2%,9,p215413,Everton
Lisandro Martínez,18,1231,939,844,89.9%,165,117,70.9%,2,1,50.0%,3,p221820,Man Utd
Tyrone Mings,17,1323,936,842,90.0%,122,82,67.2%,4,1,25.0%,1,p149484,Aston Villa
Emile Smith Rowe,37,1928,920,838,91.1%,330,288,87.3%,13,1,7.7%,0,p209289,Fulham
Dan Burn,29,2199,1054,836,79.3%,211,110,52.1%,14,1,7.1%,1,p78916,Newcastle
Ibrahim Sangaré,28,2080,956,830,86.8%,233,180,77.3%,8,0,0.0%,3,p210462,Nott'm Forest
Kevin Danso,24,1491,954,829,86.9%,122,71,58.2%,7,0,0.0%,0,p135720,Spurs
Yasin Ayari,29,1924,963,829,86.1%,195,144,73.8%,10,1,10.0%,1,p509416,Brighton
Pedro Neto,34,2643,931,813,87.3%,472,397,84.1%,111,21,18.9%,3,p247632,Chelsea
Tyrick Mitchell,38,3253,1107,809,73.1%,354,235,66.4%,104,22,21.1%,2,p244723,Crystal Palace
James Hill,29,2104,1037,806,77.7%,194,81,41.8%,11,2,18.2%,2,p463981,Bournemouth
Jake O'Brien,37,3124,1079,798,74.0%,286,179,62.6%,49,13,26.5%,2,p512462,Everton
Morgan Rogers,37,3285,1068,797,74.6%,529,375,70.9%,49,3,6.1%,20,p244850,Aston Villa
Amad Diallo,32,2344,904,795,87.9%,394,330,83.8%,33,9,27.3%,4,p493250,Man Utd
Trai Hume,38,3037,1048,790,75.4%,349,222,63.6%,52,7,13.5%,3,p487676,Sunderland
Iliman Ndiaye,32,2786,941,790,84.0%,413,327,79.2%,55,7,12.7%,3,p440993,Everton
El Hadji Malick Diouf,32,2711,1038,772,74.4%,269,171,63.6%,97,25,25.8%,4,p613804,West Ham
Lewis Miley,23,1493,840,754,89.8%,234,192,82.0%,22,3,13.6%,0,p547719,Newcastle
Antoine Semenyo,37,3200,936,749,80.0%,459,341,74.3%,49,8,16.3%,5,p437730,Man City
Kenny Tete,22,1794,886,748,84.4%,183,145,79.2%,34,13,38.2%,1,p167074,Fulham
Piero Hincapié,25,1792,837,744,88.9%,205,169,82.4%,33,4,12.1%,2,p448104,Arsenal
Amadou Onana,25,1764,849,742,87.4%,192,139,72.4%,0,0,0.0%,3,p449871,Aston Villa
Mats Wieffer,26,1908,881,733,83.2%,244,186,76.2%,16,3,18.8%,3,p467779,Brighton
Harry Maguire,23,1655,851,733,86.1%,113,66,58.4%,4,1,25.0%,0,p95658,Man Utd
Gabriel Gudmundsson,32,2637,957,730,76.3%,261,169,64.8%,87,23,26.4%,1,p243526,Leeds
Josh Cullen,18,1519,866,728,84.1%,255,164,64.3%,8,0,0.0%,6,p172567,Burnley
Mikkel Damsgaard,33,2057,951,726,76.3%,450,309,68.7%,45,12,26.7%,14,p440089,Brentford
Anton Stach,29,2378,939,726,77.3%,357,250,70.0%,37,13,35.1%,2,p466525,Leeds
Boubacar Kamara,18,1418,818,722,88.3%,238,198,83.2%,1,0,0.0%,4,p226944,Aston Villa
Andrey Santos,27,1255,797,718,90.1%,162,136,84.0%,2,0,0.0%,3,p532605,Chelsea
Jaidon Anthony,37,2735,897,717,79.9%,330,237,71.8%,53,9,17.0%,4,p444180,Burnley
Djed Spence,30,2056,882,713,80.8%,287,206,71.8%,51,10,19.6%,0,p232859,Spurs
Tijjani Reijnders,28,1636,798,711,89.1%,329,275,83.6%,16,2,12.5%,7,p433036,Man City
Matheus Cunha,33,2503,880,708,80.5%,374,283,75.7%,43,11,25.6%,9,p430871,Man Utd
Vitaly Janelt,25,1437,811,708,87.3%,217,165,76.0%,18,5,27.8%,2,p204580,Brentford
Cole Palmer,26,1965,820,703,85.7%,376,302,80.3%,34,5,14.7%,7,p244851,Chelsea
Toti Gomes,19,1427,816,701,85.9%,110,67,60.9%,11,3,27.3%,0,p510362,Wolves
Martin Ødegaard,24,1370,828,701,84.7%,398,305,76.6%,12,3,25.0%,20,p184029,Arsenal
Jorrel Hato,22,1142,761,700,92.0%,117,96,82.0%,7,4,57.1%,1,p551210,Chelsea
Reinildo Mandava,25,1969,814,699,85.9%,180,134,74.4%,23,4,17.4%,0,p434399,Sunderland
Tomás Soucek,35,2198,898,698,77.7%,267,159,59.5%,14,0,0.0%,1,p215439,West Ham
Bashir Humphreys,20,1578,851,697,81.9%,169,124,73.4%,18,3,16.7%,0,p461188,Burnley
Álex Jiménez,31,2323,868,696,80.2%,305,217,71.2%,51,11,21.6%,6,p551483,Bournemouth
Joelinton,27,1953,839,694,82.7%,262,209,79.8%,10,2,20.0%,2,p180974,Newcastle
Daichi Kamada,28,1908,825,693,84.0%,241,178,73.9%,14,6,42.9%,9,p209400,Crystal Palace
Jefferson Lerma,31,1724,871,692,79.5%,225,137,60.9%,12,5,41.7%,2,p152551,Crystal Palace
Timothy Castagne,30,1842,796,687,86.3%,195,158,81.0%,48,15,31.3%,0,p166477,Fulham
Tosin Adarabioyo,16,789,757,685,90.5%,47,30,63.8%,0,0,0.0%,4,p109646,Chelsea
Hugo Bueno,35,2364,848,683,80.5%,239,179,74.9%,113,41,36.3%,0,p490721,Wolves
Jean-Clair Todibo,23,1817,782,683,87.3%,95,62,65.3%,3,0,0.0%,0,p462116,West Ham
Jaydee Canvot,20,1334,765,675,88.2%,150,119,79.3%,5,0,0.0%,1,p651426,Crystal Palace
Jayden Bogle,34,2802,884,674,76.2%,288,172,59.7%,67,16,23.9%,2,p226182,Leeds
Fabian Schär,16,1091,796,672,84.4%,146,78,53.4%,4,1,25.0%,1,p119471,Newcastle
Xavi Simons,28,1757,802,665,82.9%,339,258,76.1%,19,4,21.1%,8,p493362,Spurs
Bafodé Diakité,18,1275,749,659,88.0%,119,85,71.4%,1,0,0.0%,1,p242882,Bournemouth
Lesley Ugochukwu,35,2350,788,657,83.4%,228,163,71.5%,7,1,14.3%,1,p503714,Burnley
Daniel Muñoz,29,2403,824,653,79.3%,274,191,69.7%,63,14,22.2%,1,p247348,Crystal Palace
Olivier Boscagli,12,800,754,652,86.5%,133,91,68.4%,12,5,41.7%,0,p204120,Brighton
Riccardo Calafiori,26,1707,756,647,85.6%,221,194,87.8%,21,3,14.3%,1,p466075,Arsenal
Morato,21,1342,757,646,85.3%,93,57,61.3%,2,0,0.0%,1,p485047,Nott'm Forest
Carlos Baleba,31,1662,748,644,86.1%,153,105,68.6%,0,0,0.0%,2,p535301,Brighton
Yerson Mosquera,27,2142,796,641,80.5%,133,88,66.2%,19,2,10.5%,0,p501837,Wolves
Tom Cairney,24,763,692,641,92.6%,191,160,83.8%,3,1,33.3%,4,p76357,Fulham
Antonee Robinson,22,1492,800,640,80.0%,247,182,73.7%,77,14,18.2%,1,p169528,Fulham
Jérémy Doku,30,1784,772,640,82.9%,494,386,78.1%,58,16,27.6%,18,p248875,Man City
Lutsharel Geertruida,28,1685,743,640,86.1%,152,119,78.3%,9,2,22.2%,1,p247955,Sunderland
Jacob Ramsey,28,1444,707,635,89.8%,248,206,83.1%,9,4,44.4%,4,p232653,Newcastle
Harry Wilson,36,2691,777,631,81.2%,346,265,76.6%,42,11,26.2%,10,p153682,Fulham
Bryan Mbeumo,33,2621,796,629,79.0%,395,296,74.9%,56,15,26.8%,13,p446008,Man Utd
Sasa Lukic,26,1734,730,625,85.6%,219,172,78.5%,16,4,25.0%,2,p212314,Fulham
John McGinn,30,2157,754,621,82.4%,321,238,74.1%,50,13,26.0%,5,p122806,Aston Villa
Yéremy Pino,34,2091,831,620,74.6%,367,231,62.9%,31,4,12.9%,19,p488024,Crystal Palace
Ian Maatsen,30,1599,715,615,86.0%,255,206,80.8%,48,9,18.8%,0,p441302,Aston Villa
Mohamed Salah,27,2148,793,610,76.9%,486,354,72.8%,59,8,13.6%,15,p118748,Liverpool
Lucas Paquetá,18,1521,789,608,77.1%,314,203,64.7%,20,3,15.0%,10,p224024,West Ham
Maximilian Kilman,21,1559,687,604,87.9%,84,43,51.2%,3,1,33.3%,0,p214048,West Ham
Victor Lindelöf,17,944,639,602,94.2%,55,47,85.5%,0,0,0.0%,0,p184667,Aston Villa
Bukayo Saka,31,2225,773,593,76.7%,453,341,75.3%,67,21,31.3%,3,p223340,Arsenal
Andy Robertson,24,1172,711,592,83.3%,265,210,79.3%,47,12,25.5%,2,p122798,Liverpool
Lucas Digne,31,1852,731,591,80.8%,234,179,76.5%,73,18,24.7%,1,p101188,Aston Villa
Ao Tanaka,28,1314,690,590,85.5%,173,130,75.1%,18,4,22.2%,3,p248056,Leeds
Cody Gakpo,36,2747,750,589,78.5%,434,339,78.1%,56,7,12.5%,5,p243298,Liverpool
Douglas Luiz,21,923,653,588,90.0%,180,141,78.3%,16,3,18.8%,0,p230046,Aston Villa
Diego Gómez,32,2136,753,587,78.0%,250,166,66.4%,20,6,30.0%,2,p514254,Brighton
Callum Hudson-Odoi,30,1844,657,586,89.2%,372,329,88.4%,87,12,13.8%,1,p209046,Nott'm Forest
Jarrod Bowen,38,3405,793,585,73.8%,382,251,65.7%,90,13,14.4%,6,p178186,West Ham
Maxim De Cuyper,30,1414,692,583,84.3%,188,135,71.8%,39,16,41.0%,1,p465730,Brighton
Leandro Trossard,31,2006,757,583,77.0%,410,281,68.5%,54,12,22.2%,13,p116216,Arsenal
Tino Livramento,17,1328,653,580,88.8%,239,206,86.2%,36,9,25.0%,2,p441191,Newcastle
Hjalmar Ekdal,19,1539,681,579,85.0%,75,38,50.7%,1,0,0.0%,1,p478969,Burnley
Cristhian Mosquera,20,989,633,578,91.3%,120,106,88.3%,3,1,33.3%,1,p500040,Arsenal
Aaron Wan-Bissaka,25,2084,738,566,76.7%,241,172,71.4%,42,16,38.1%,2,p214590,West Ham
Eberechi Eze,33,1900,666,565,84.8%,291,228,78.3%,7,2,28.6%,18,p232413,Arsenal
Kristoffer Ajer,27,1807,706,565,80.0%,128,57,44.5%,7,1,14.3%,0,p191866,Brentford
Quilindschy Hartman,21,1830,736,557,75.7%,195,118,60.5%,50,8,16.0%,0,p494960,Burnley
Jorge Cuenca,15,938,626,553,88.3%,76,44,57.9%,2,1,50.0%,1,p246301,Fulham
Will Hughes,31,1568,678,551,81.3%,231,169,73.2%,16,2,12.5%,0,p108413,Crystal Palace
Emmanuel Agbadou,14,1101,659,547,83.0%,137,74,54.0%,14,4,28.6%,2,p516939,Wolves
James Ward-Prowse,18,1096,614,545,88.8%,159,117,73.6%,12,3,25.0%,1,p101178,Burnley
Brenden Aaronson,37,2465,668,542,81.1%,257,192,74.7%,36,10,27.8%,6,p427637,Leeds
James Justin,29,1896,709,539,76.0%,182,107,58.8%,28,2,7.1%,1,p220627,Leeds
Pape Matar Sarr,26,1391,633,538,85.0%,185,154,83.2%,8,2,25.0%,3,p482442,Spurs
Matthijs de Ligt,13,1170,612,537,87.8%,59,35,59.3%,5,4,80.0%,2,p209365,Man Utd
Emiliano Buendía,36,1759,658,536,81.5%,287,224,78.0%,9,0,0.0%,5,p195546,Aston Villa
Rayan Aït-Nouri,17,976,590,533,90.3%,205,182,88.8%,16,3,18.8%,1,p448514,Man City
Ola Aina,18,1590,629,533,84.7%,171,133,77.8%,38,7,18.4%,0,p159506,Nott'm Forest
Crysencio Summerville,31,2480,639,529,82.8%,270,204,75.6%,30,7,23.3%,6,p450070,West Ham
Ilia Gruev,23,1322,584,523,89.5%,99,80,80.8%,4,0,0.0%,1,p486520,Leeds
Jack Hinshelwood,27,1750,632,522,82.6%,208,150,72.1%,7,0,0.0%,4,p532529,Brighton
João Pedro,35,2674,693,522,75.3%,287,196,68.3%,18,1,5.6%,14,p475168,Chelsea
Ryan Sessegnon,27,1822,679,519,76.4%,194,139,71.7%,56,6,10.7%,4,p184349,Fulham
Kyle Walker-Peters,23,1380,596,510,85.6%,190,152,80.0%,20,1,5.0%,1,p158534,West Ham
Josh Laurent,33,1759,643,502,78.1%,165,102,61.8%,15,4,26.7%,1,p167887,Burnley
Destiny Udogie,20,1340,585,500,85.5%,174,145,83.3%,27,5,18.5%,0,p487053,Spurs
Axel Disasi,14,1255,566,490,86.6%,65,37,56.9%,0,0,0.0%,0,p220362,West Ham
Jack Grealish,20,1631,573,482,84.1%,298,238,79.9%,39,10,25.6%,6,p114283,Everton
Axel Tuanzebe,14,1202,569,481,84.5%,61,31,50.8%,1,0,0.0%,0,p180804,Burnley
Noussair Mazraoui,20,984,543,474,87.3%,163,134,82.2%,13,4,30.8%,2,p230001,Man Utd
Kaoru Mitoma,25,1721,574,473,82.4%,283,229,80.9%,46,8,17.4%,0,p451340,Brighton
Harvey Barnes,37,1961,585,472,80.7%,318,244,76.7%,74,15,20.3%,2,p201666,Newcastle
Lucas Pires,20,1406,560,470,83.9%,179,140,78.2%,37,5,13.5%,2,p549329,Burnley
Nicolás Domínguez,27,1175,535,456,85.2%,155,124,80.0%,11,4,36.4%,2,p250199,Nott'm Forest
Lamare Bogarde,28,1047,505,453,89.7%,111,94,84.7%,2,1,50.0%,0,p515597,Aston Villa
Archie Gray,24,1479,539,448,83.1%,149,108,72.5%,12,4,33.3%,2,p547701,Spurs
Ayden Heaven,17,923,494,447,90.5%,46,33,71.7%,1,0,0.0%,1,p606745,Man Utd
Omari Hutchinson,31,1684,538,447,83.1%,242,190,78.5%,94,22,23.4%,3,p503301,Nott'm Forest
Freddie Potts,22,1167,532,445,83.7%,129,95,73.6%,6,0,0.0%,0,p490142,West Ham
Conor Gallagher,16,1190,524,444,84.7%,147,120,81.6%,23,6,26.1%,0,p232787,Spurs
Keane Lewis-Potter,36,1968,568,441,77.6%,204,145,71.1%,67,21,31.3%,1,p249231,Brentford
Nathan Aké,18,688,496,440,88.7%,135,110,81.5%,4,3,75.0%,0,p126184,Man City
Josh Acheampong,17,663,478,440,92.0%,52,38,73.1%,1,1,100.0%,0,p577016,Chelsea
Igor Thiago,38,3284,630,436,69.2%,240,147,61.3%,19,7,36.8%,4,p502500,Brentford
Issa Diop,13,814,494,433,87.7%,48,28,58.3%,1,0,0.0%,0,p219924,Fulham
Lewis Cook,18,872,498,429,86.1%,127,86,67.7%,14,5,35.7%,0,p155408,Bournemouth
Yankuba Minteh,34,2398,630,428,67.9%,332,206,62.0%,134,31,23.1%,2,p592031,Brighton
Ryan Christie,26,986,547,428,78.2%,215,145,67.4%,12,2,16.7%,5,p158499,Bournemouth
Manuel Ugarte,22,881,502,427,85.1%,123,97,78.9%,1,0,0.0%,1,p232112,Man Utd
James Milner,20,778,487,423,86.9%,138,103,74.6%,9,3,33.3%,1,p15157,Brighton
Anthony Gordon,26,1814,517,423,81.8%,268,203,75.8%,67,14,20.9%,4,p232826,Newcastle
Jackson Tchatchoua,31,1837,542,413,76.2%,158,100,63.3%,91,22,24.2%,0,p523705,Wolves
Alejandro Garnacho,24,1268,473,413,87.3%,243,204,84.0%,59,8,13.6%,0,p493105,Chelsea
Conor Bradley,15,932,492,413,83.9%,175,137,78.3%,24,4,16.7%,3,p492777,Liverpool
Benoît Badiashile,8,471,439,408,92.9%,32,25,78.1%,0,0,0.0%,0,p242880,Chelsea
Tim Iroegbunam,29,1485,490,399,81.4%,147,108,73.5%,3,0,0.0%,1,p490094,Everton
Hannibal Mejbri,27,1231,510,394,77.3%,235,172,73.2%,25,9,36.0%,6,p465527,Burnley
Danny Welbeck,37,2263,486,386,79.4%,198,142,71.7%,2,0,0.0%,5,p50175,Brighton
Patrick Dorgu,26,1445,505,384,76.0%,194,133,68.6%,57,15,26.3%,3,p596777,Man Utd
Sean Longstaff,23,1006,449,380,84.6%,123,83,67.5%,7,2,28.6%,1,p180135,Leeds
Mohammed Kudus,19,1545,444,380,85.6%,211,178,84.4%,74,18,24.3%,0,p460842,Spurs
Jeremie Frimpong,21,1039,441,373,84.6%,190,157,82.6%,51,11,21.6%,0,p216094,Liverpool
Rico Henry,25,1328,481,370,76.9%,117,75,64.1%,25,3,12.0%,0,p194010,Brentford
Jacob Murphy,33,1618,499,366,73.3%,254,173,68.1%,117,24,20.5%,4,p114243,Newcastle
Joël Veltman,24,1050,442,361,81.7%,132,97,73.5%,19,2,10.5%,1,p111478,Brighton
Kevin Schade,35,2757,527,357,67.7%,235,145,61.7%,21,4,19.1%,4,p513418,Brentford
Ross Barkley,21,852,407,357,87.7%,142,121,85.2%,0,0,0.0%,4,p88894,Aston Villa
Habib Diarra,20,1407,436,357,81.9%,168,126,75.0%,32,4,12.5%,3,p547027,Sunderland
Jhon Arias,23,1121,399,357,89.5%,128,110,85.9%,15,3,20.0%,0,p230376,Wolves
Evanilson,36,2759,465,356,76.6%,194,137,70.6%,4,0,0.0%,3,p444102,Bournemouth
Junior Kroupi,33,1683,467,355,76.0%,180,120,66.7%,11,1,9.1%,4,p560262,Bournemouth
Mason Mount,23,1018,429,350,81.6%,180,146,81.1%,13,0,0.0%,7,p184341,Man Utd
Myles Lewis-Skelly,20,698,382,350,91.6%,91,80,87.9%,0,0,0.0%,0,p499169,Arsenal
Ollie Watkins,37,2852,476,346,72.7%,234,164,70.1%,7,2,28.6%,3,p178301,Aston Villa
Oscar Bobb,23,1037,401,344,85.8%,195,164,84.1%,9,3,33.3%,2,p477555,Fulham
Anthony Elanga,32,1313,426,344,80.8%,202,154,76.2%,68,11,16.2%,3,p449434,Newcastle
David Brooks,31,1199,445,343,77.1%,232,164,70.7%,35,7,20.0%,5,p111317,Bournemouth
Jean-Ricner Bellegarde,26,1251,428,340,79.4%,163,117,71.8%,17,4,23.5%,5,p231057,Wolves
Ismaïla Sarr,28,2176,474,338,71.3%,214,136,63.5%,24,3,12.5%,2,p232185,Crystal Palace
Igor Jesus,37,2314,458,333,72.7%,172,109,63.4%,10,3,30.0%,1,p482973,Nott'm Forest
Raúl Jiménez,36,2199,518,329,63.5%,186,109,58.6%,7,2,28.6%,1,p102057,Fulham
Soungoutou Magassa,22,979,405,327,80.7%,78,55,70.5%,9,1,11.1%,0,p564940,West Ham
Chemsdine Talbi,28,1561,402,327,81.3%,147,108,73.5%,48,6,12.5%,1,p549912,Sunderland
Chadi Riad,9,554,374,323,86.4%,48,33,68.8%,6,0,0.0%,0,p515621,Crystal Palace
Amine Adli,31,1082,413,319,77.2%,183,129,70.5%,25,2,8.0%,3,p489888,Bournemouth
Jørgen Strand Larsen,36,2316,493,318,64.5%,185,109,58.9%,3,0,0.0%,4,p247412,Crystal Palace
Jadon Sancho,23,873,378,316,83.6%,211,169,80.1%,19,2,10.5%,0,p209243,Aston Villa
Nicolò Savona,14,1026,399,314,78.7%,118,79,67.0%,27,8,29.6%,0,p500151,Nott'm Forest
Noni Madueke,26,1217,411,313,76.2%,238,171,71.8%,47,7,14.9%,2,p248857,Arsenal
Savinho,24,821,373,309,82.8%,203,157,77.3%,38,6,15.8%,5,p510281,Man City
Hugo Ekitiké,28,1810,400,307,76.8%,225,162,72.0%,8,1,12.5%,2,p510663,Liverpool
Dango Ouattara,32,2279,485,306,63.1%,245,133,54.3%,82,11,13.4%,5,p533463,Brentford
Samuel Chukwueze,23,1075,413,305,73.8%,197,126,64.0%,43,8,18.6%,6,p218328,Fulham
Georginio Rutter,32,1790,436,303,69.5%,227,152,67.0%,21,3,14.3%,8,p463067,Brighton
Joe Willock,24,980,359,302,84.1%,149,117,78.5%,15,3,20.0%,4,p200089,Newcastle
Jarrad Branthwaite,10,681,351,294,83.8%,90,66,73.3%,3,0,0.0%,0,p480455,Everton
Nick Woltemade,33,1912,384,293,76.3%,169,115,68.0%,3,0,0.0%,4,p470313,Newcastle
Ben White,12,704,354,289,81.6%,148,116,78.4%,16,3,18.8%,3,p198869,Arsenal
Mateus Mané,27,1790,375,286,76.3%,161,111,68.9%,46,11,23.9%,4,p647671,Wolves
Hwang Hee-Chan,26,1452,378,285,75.4%,146,99,67.8%,12,2,16.7%,4,p184754,Wolves
Adam Smith,22,1076,363,283,78.0%,116,71,61.2%,13,1,7.7%,0,p54469,Bournemouth
John Stones,9,439,302,282,93.4%,41,34,82.9%,4,0,0.0%,0,p97299,Man City
Mikel Merino,22,1027,370,281,76.0%,150,97,64.7%,4,0,0.0%,12,p195384,Arsenal
Justin Kluivert,20,951,345,280,81.2%,173,136,78.6%,21,5,23.8%,4,p222683,Bournemouth
Marcus Edwards,23,1064,338,279,82.5%,170,133,78.2%,19,5,26.3%,3,p174592,Burnley
Josh King,32,1304,348,278,79.9%,148,110,74.3%,12,0,0.0%,2,p577725,Fulham
Mathys Tel,31,1342,359,278,77.4%,157,112,71.3%,43,12,27.9%,0,p511499,Spurs
Yves Bissouma,11,605,316,278,88.0%,61,44,72.1%,1,0,0.0%,0,p227127,Spurs
Wilson Odobert,24,980,325,276,84.9%,165,137,83.0%,28,8,28.6%,1,p550839,Spurs
Dominic Calvert-Lewin,35,2726,460,269,58.5%,244,130,53.3%,10,1,10.0%,1,p177815,Leeds
Dwight McNeil,22,1168,324,264,81.5%,129,93,72.1%,28,5,17.9%,4,p433154,Everton
Roméo Lavia,12,377,284,263,92.6%,70,63,90.0%,1,0,0.0%,2,p514356,Chelsea
Kevin,26,1037,339,259,76.4%,175,125,71.4%,33,11,33.3%,1,p560552,Fulham
Loum Tchaouna,29,1270,342,257,75.2%,143,98,68.5%,34,10,29.4%,1,p469272,Burnley
Joe Gomez,21,599,320,255,79.7%,77,47,61.0%,16,3,18.8%,0,p171287,Liverpool
Noah Okafor,28,1568,332,253,76.2%,144,107,74.3%,37,7,18.9%,2,p435997,Leeds
Brennan Johnson,34,1722,382,252,66.0%,176,97,55.1%,45,8,17.8%,2,p242898,Crystal Palace
Erling Haaland,35,2958,384,252,65.6%,186,107,57.5%,3,1,33.3%,6,p223094,Man City
Charly Alcaraz,20,685,307,251,81.8%,115,84,73.0%,5,2,40.0%,2,p502697,Everton
Rayan,15,1119,318,249,78.3%,139,98,70.5%,23,4,17.4%,2,p499604,Bournemouth
Lucas Bergvall,23,966,305,249,81.6%,121,86,71.1%,20,3,15.0%,3,p570526,Spurs
Rico Lewis,11,402,285,241,84.6%,113,82,72.6%,2,0,0.0%,4,p477064,Man City
Matt Doherty,11,791,298,240,80.5%,63,40,63.5%,7,2,28.6%,0,p87835,Wolves
Aaron Hickey,21,685,286,239,83.6%,59,38,64.4%,4,0,0.0%,0,p472713,Brentford
Jacob Bruun Larsen,28,1023,292,238,81.5%,138,107,77.5%,24,5,20.8%,2,p179458,Burnley
Randal Kolo Muani,30,1670,328,231,70.4%,169,113,66.9%,18,7,38.9%,1,p247693,Spurs
Oleksandr Zinchenko,5,353,255,231,90.6%,93,80,86.0%,15,1,6.7%,2,p206325,Nott'm Forest
Dan Ndoye,24,1176,282,221,78.4%,132,99,75.0%,38,8,21.1%,1,p456512,Nott'm Forest
Ollie Scarles,13,659,275,221,80.4%,70,51,72.9%,12,2,16.7%,1,p536109,West Ham
Thierno Barry,38,1915,362,219,60.5%,170,90,52.9%,4,1,25.0%,2,p586309,Everton
Estêvão,22,845,270,218,80.7%,141,107,75.9%,7,4,57.1%,1,p624773,Chelsea
Benjamin Sesko,30,1635,306,211,69.0%,110,64,58.2%,2,0,0.0%,2,p485711,Man Utd
Luke O'Nien,12,564,245,205,83.7%,54,34,63.0%,7,0,0.0%,0,p167512,Sunderland
Ryan Yates,22,604,260,203,78.1%,85,56,65.9%,4,2,50.0%,0,p204968,Nott'm Forest
Viktor Gyökeres,36,2230,319,199,62.4%,198,119,60.1%,8,3,37.5%,4,p224117,Arsenal
Brian Brobbey,31,1931,275,198,72.0%,133,82,61.6%,2,0,0.0%,0,p441264,Sunderland
Richarlison,32,1957,317,197,62.1%,165,99,60.0%,18,0,0.0%,2,p212319,Spurs
Jean-Philippe Mateta,32,2222,315,196,62.2%,140,67,47.9%,11,5,45.5%,4,p231747,Crystal Palace
Lyle Foster,26,1372,280,196,70.0%,132,79,59.9%,6,1,16.7%,1,p435973,Burnley
Brajan Gruda,18,715,248,194,78.2%,124,90,72.6%,7,2,28.6%,2,p513433,Brighton
David Møller Wolfe,22,1049,260,193,74.2%,86,54,62.8%,30,8,26.7%,0,p497949,Wolves
Rodrigo Gomes,22,960,263,190,72.2%,113,74,65.5%,24,3,12.5%,0,p483081,Wolves
Gabriel Martinelli,30,1073,261,189,72.4%,133,86,64.7%,33,7,21.2%,2,p444145,Arsenal
Radu Dragusin,10,515,239,186,77.8%,31,11,35.5%,3,0,0.0%,0,p493125,Spurs
Justin Devenny,21,788,253,185,73.1%,95,60,63.2%,15,0,0.0%,2,p489706,Crystal Palace
Joshua Zirkzee,24,608,245,182,74.3%,82,48,58.5%,5,2,40.0%,2,p458249,Man Utd
Zian Flemming,29,1776,277,180,65.0%,123,66,53.7%,6,1,16.7%,3,p431639,Burnley
Jair Cunha,9,516,221,177,80.1%,25,16,64.0%,2,0,0.0%,0,p575458,Nott'm Forest
Levi Colwill,3,225,192,173,90.1%,27,15,55.6%,1,0,0.0%,1,p460028,Chelsea
Rio Ngumoha,19,551,192,167,87.0%,128,110,85.9%,21,7,33.3%,0,p611922,Liverpool
Wilfried Gnonto,23,524,218,167,76.6%,107,76,71.0%,20,2,10.0%,0,p492859,Leeds
Harrison Armstrong,13,528,206,166,80.6%,88,61,69.3%,2,0,0.0%,1,p609873,Everton
Tolu Arokodare,33,1407,270,163,60.4%,115,57,49.6%,0,0,0.0%,1,p488213,Wolves
Angel Gomes,12,464,188,161,85.6%,58,47,81.0%,3,1,33.3%,1,p209041,Wolves
Valentín Castellanos,18,1395,250,161,64.4%,127,73,57.5%,9,2,22.2%,2,p247670,West Ham
Veljko Milosavljevic,7,367,190,160,84.2%,32,19,59.4%,0,0,0.0%,0,p620487,Bournemouth
Dilane Bakwa,14,552,196,155,79.1%,89,67,75.3%,28,6,21.4%,2,p476887,Nott'm Forest
Evann Guessand,21,916,187,154,82.3%,79,61,77.2%,11,0,0.0%,0,p485337,Crystal Palace
Chris Rigg,18,766,213,153,71.8%,81,53,65.4%,11,4,36.4%,2,p554197,Sunderland
Pablo,14,826,201,148,73.6%,87,57,65.5%,5,2,40.0%,3,p530335,West Ham
Nathaniel Clyne,10,596,184,147,79.9%,55,40,72.7%,16,2,12.5%,0,p57328,Crystal Palace
Bertrand Traoré,12,638,180,143,79.4%,80,61,76.3%,13,1,7.7%,0,p110504,Sunderland
Lukas Nmecha,31,1073,216,142,65.7%,96,56,58.3%,10,0,0.0%,0,p174594,Leeds
Omar Marmoush,21,699,162,141,87.0%,78,64,82.0%,4,0,0.0%,4,p438234,Man City
Liam Delap,28,1102,189,132,69.8%,93,58,62.4%,6,0,0.0%,2,p463034,Chelsea
Merlin Röhl,16,677,169,131,77.5%,58,40,69.0%,5,3,60.0%,0,p513466,Everton
Beto,37,1565,208,129,62.0%,82,45,54.9%,2,0,0.0%,0,p486385,Everton
Joe Worrall,11,497,155,125,80.7%,22,6,27.3%,0,0,0.0%,0,p208912,Burnley
Kai Havertz,12,583,166,123,74.1%,89,63,70.8%,6,0,0.0%,1,p219847,Arsenal
Simon Adingra,14,658,161,122,75.8%,67,43,64.2%,27,5,18.5%,1,p535818,Sunderland
Sebastiaan Bornauw,12,432,146,121,82.9%,17,9,52.9%,1,1,100.0%,0,p437738,Leeds
Max Alleyne,2,135,128,120,93.8%,15,13,86.7%,0,0,0.0%,0,p494307,Man City
Jamie Gittens,16,490,149,118,79.2%,68,49,72.1%,13,3,23.1%,2,p463936,Chelsea
Dominic Solanke,15,1000,158,117,74.0%,76,55,72.4%,2,0,0.0%,0,p154566,Spurs
Chris Wood,15,906,160,111,69.4%,61,41,67.2%,1,0,0.0%,1,p60689,Nott'm Forest
Ethan Pinnock,4,321,133,110,82.7%,17,9,52.9%,0,0,0.0%,0,p231065,Brentford
Leon Bailey,13,452,139,107,77.0%,83,65,78.3%,9,2,22.2%,1,p215711,Aston Villa
Marshall Munetsi,13,873,169,107,63.3%,84,47,56.0%,14,3,21.4%,0,p433312,Wolves
Ki-Jana Hoever,8,428,154,106,68.8%,57,31,54.4%,22,7,31.8%,0,p441271,Wolves
Armando Broja,24,849,151,105,69.5%,79,52,65.8%,3,1,33.3%,0,p440323,Burnley
Adam Armstrong,14,1146,152,104,68.4%,67,46,68.7%,5,1,20.0%,1,p155511,Wolves
Nayef Aguerd,2,180,115,104,90.4%,21,17,81.0%,2,0,0.0%,0,p210494,West Ham
James McAtee,14,289,121,102,84.3%,45,35,77.8%,7,0,0.0%,2,p432714,Nott'm Forest
Callum Wilson,32,1243,156,101,64.7%,83,51,61.5%,5,1,20.0%,0,p75115,West Ham
Diego Coppola,5,194,114,101,88.6%,12,10,83.3%,0,0,0.0%,0,p550090,Brighton
Jenson Seelt,2,134,109,96,88.1%,14,9,64.3%,1,0,0.0%,0,p519634,Sunderland
Charalampos Kostoulas,21,353,127,95,74.8%,59,45,76.3%,6,0,0.0%,0,p647850,Brighton
Jack Harrison,11,263,117,93,79.5%,43,33,76.7%,13,1,7.7%,0,p221399,Leeds
Tyrique George,15,353,111,89,80.2%,53,42,79.3%,11,5,45.5%,0,p550615,Everton
Romaine Mundle,14,400,104,89,85.6%,40,32,80.0%,11,2,18.2%,0,p461199,Sunderland
Tyler Dibling,14,350,102,88,86.3%,37,29,78.4%,7,1,14.3%,0,p496661,Everton
Gabriel Jesus,14,421,108,83,76.8%,52,40,76.9%,0,0,0.0%,1,p205651,Arsenal
Luca Netz,7,355,100,83,83.0%,25,21,84.0%,2,0,0.0%,0,p470315,Nott'm Forest
Andy Irving,7,157,93,83,89.3%,29,25,86.2%,3,1,33.3%,0,p229384,West Ham
Federico Chiesa,26,318,113,81,71.7%,62,42,67.7%,17,0,0.0%,1,p223541,Liverpool
Wilson Isidor,32,1158,135,81,60.0%,79,41,51.9%,0,0,0.0%,2,p437505,Sunderland
Adama Traoré,24,377,104,81,77.9%,55,41,74.5%,27,5,18.5%,1,p159533,West Ham
Wataru Endo,8,171,94,80,85.1%,25,18,72.0%,3,0,0.0%,1,p158983,Liverpool
Joël Piroe,16,246,97,79,81.4%,40,30,75.0%,4,1,25.0%,0,p235826,Leeds
Ethan Nwaneri,6,165,87,79,90.8%,30,26,86.7%,1,0,0.0%,1,p499175,Arsenal
Dennis Cirkin,8,320,99,77,77.8%,27,18,66.7%,3,1,33.3%,0,p461195,Sunderland
Fer López,9,229,103,75,72.8%,47,31,66.0%,1,0,0.0%,4,p643135,Wolves
Donyell Malen,21,645,94,73,77.7%,51,40,78.4%,7,2,28.6%,1,p204646,Aston Villa
Daniel James,19,553,119,72,60.5%,62,41,66.1%,50,7,14.0%,1,p200617,Leeds
Eddie Nketiah,12,416,87,70,80.5%,28,20,71.4%,1,0,0.0%,1,p205533,Crystal Palace
Harvey Elliott,5,110,82,69,84.2%,50,41,82.0%,3,1,33.3%,1,p444884,Aston Villa
Reiss Nelson,10,118,74,68,91.9%,33,30,90.9%,2,0,0.0%,0,p200641,Brentford
Ezra Mayers,6,113,81,68,84.0%,30,24,80.0%,3,2,66.7%,0,p602903,West Ham
Guido Rodríguez,6,177,76,68,89.5%,18,15,83.3%,2,0,0.0%,0,p197024,West Ham
Yoane Wissa,19,521,93,65,69.9%,47,30,63.8%,1,0,0.0%,1,p216646,Newcastle
William Osula,24,811,81,65,80.3%,33,24,72.7%,3,2,66.7%,0,p538207,Newcastle
Nathan Patterson,7,240,84,64,76.2%,23,13,56.5%,6,0,0.0%,0,p243571,Everton
Matt O'Riley,6,203,70,61,87.1%,20,18,90.0%,4,2,50.0%,0,p219249,Brighton
Taiwo Awoniyi,17,481,75,60,80.0%,29,24,82.8%,1,0,0.0%,1,p210156,Nott'm Forest
Alex Tóth,9,137,65,57,87.7%,29,23,79.3%,2,0,0.0%,0,p614574,Bournemouth
Nilson Angulo,8,406,78,57,73.1%,34,21,61.8%,4,0,0.0%,0,p536661,Sunderland
Niclas Füllkrug,8,408,93,57,61.3%,41,18,43.9%,0,0,0.0%,0,p91889,West Ham
Rodrigo Muniz,21,997,132,56,42.4%,67,26,38.8%,2,0,0.0%,0,p244042,Fulham
Eliezer Mayenda,20,756,85,56,65.9%,40,22,55.0%,1,0,0.0%,0,p564406,Sunderland
Ben Davies,3,138,65,56,86.2%,16,13,81.3%,3,2,66.7%,0,p115556,Spurs
Alexander Isak,14,703,88,55,62.5%,53,31,58.5%,2,0,0.0%,1,p219168,Liverpool
Christian Nørgaard,7,101,61,51,83.6%,17,9,52.9%,1,0,0.0%,0,p128295,Arsenal
Max Dowman,6,153,52,46,88.5%,30,26,86.7%,5,1,20.0%,1,p616077,Arsenal
Mamadou Sarr,3,100,52,46,88.5%,3,1,33.3%,0,0,0.0%,0,p574458,Chelsea
Zach Abbott,3,165,62,44,71.0%,18,9,50.0%,3,1,33.3%,0,p549067,Nott'm Forest
Harrison Reed,7,90,43,40,93.0%,9,8,88.9%,1,1,100.0%,0,p153366,Fulham
Oliver Sonne,7,165,59,39,66.1%,26,15,57.7%,5,1,20.0%,0,p519895,Burnley
Arthur Masuaku,3,127,48,39,81.3%,10,5,50.0%,8,2,25.0%,0,p105717,Sunderland
Enes Ünal,23,214,56,38,67.9%,29,17,58.6%,2,0,0.0%,1,p168636,Bournemouth
Andrés García,6,83,37,37,100.0%,5,5,100.0%,4,0,0.0%,0,p606798,Aston Villa
Ben Gannon-Doak,8,105,48,37,77.1%,22,16,72.7%,4,0,0.0%,0,p496208,Bournemouth
Jack Fletcher,3,107,45,37,82.2%,6,4,66.7%,0,0,0.0%,0,p547037,Man Utd
Pedro Lima,9,259,55,35,63.6%,16,8,50.0%,9,4,44.4%,0,p641221,Wolves
James Maddison,3,34,37,35,94.6%,14,14,100.0%,2,0,0.0%,0,p172780,Spurs
Christantus Uche,14,159,59,35,59.3%,33,17,51.5%,6,0,0.0%,0,p660392,Crystal Palace
Harry Howell,3,93,34,29,85.3%,9,7,77.8%,4,0,0.0%,0,p597320,Brighton
Facundo Buonanotte,4,81,36,28,77.8%,13,9,69.2%,0,0,0.0%,0,p536916,Leeds
Frank Onyeka,6,88,36,28,77.8%,15,10,66.7%,0,0,0.0%,0,p428580,Brentford
Luis Guilherme,5,121,30,27,90.0%,9,7,77.8%,0,0,0.0%,0,p577114,West Ham
Borna Sosa,7,99,41,26,63.4%,20,12,60.0%,3,0,0.0%,1,p218364,Crystal Palace
Rio Cardines,1,90,33,25,75.8%,10,3,30.0%,3,2,66.7%,0,p590014,Crystal Palace
Souza,4,144,27,25,92.6%,7,6,85.7%,3,0,0.0%,0,p616221,Spurs
Tammy Abraham,12,279,44,25,56.8%,20,10,50.0%,1,0,0.0%,0,p173879,Aston Villa
Arnaud Kalimuendo,9,89,29,24,82.8%,16,12,75.0%,2,0,0.0%,0,p465680,Nott'm Forest
Mike Trésor,6,37,27,23,85.2%,6,3,50.0%,1,1,100.0%,0,p437748,Burnley
Mohamadou Kanté,11,67,31,22,71.0%,15,10,66.7%,0,0,0.0%,0,p630699,West Ham
Marc Guiu,10,266,32,22,68.8%,13,10,76.9%,0,0,0.0%,0,p499309,Chelsea
Dário Essugo,3,26,25,21,84.0%,8,5,62.5%,0,0,0.0%,0,p491007,Chelsea
Trey Nyoni,6,21,22,20,90.9%,6,6,100.0%,0,0,0.0%,0,p591386,Liverpool
Julio Soler,3,34,23,20,87.0%,5,4,80.0%,2,0,0.0%,0,p575901,Bournemouth
Fábio Carvalho,6,100,25,20,80.0%,6,5,83.3%,3,0,0.0%,0,p244858,Brentford
Zeki Amdouni,4,69,20,19,95.0%,6,5,83.3%,0,0,0.0%,0,p492831,Burnley
Tyler Fletcher,2,17,19,18,94.7%,2,2,100.0%,0,0,0.0%,0,p519913,Man Utd
Séamus Coleman,5,20,18,18,100.0%,5,5,100.0%,3,2,66.7%,0,p59949,Everton
Divine Mukasa,2,25,19,18,94.7%,12,11,91.7%,0,0,0.0%,1,p590039,Man City
George Hemmings,2,25,17,17,100.0%,3,3,100.0%,0,0,0.0%,0,p577285,Aston Villa
Stefanos Tzimas,9,133,24,17,70.8%,11,6,54.5%,1,0,0.0%,1,p608181,Brighton
Igor Julio,4,103,22,16,72.7%,5,2,40.0%,0,0,0.0%,0,p223434,Brighton
Patrick Roberts,1,27,20,16,80.0%,11,8,72.7%,0,0,0.0%,1,p124165,Sunderland
Alysson Edward,3,47,17,14,82.3%,11,9,81.8%,2,0,0.0%,0,p653481,Aston Villa
Tom Watson,6,57,19,14,73.7%,8,6,75.0%,0,0,0.0%,0,p549074,Brighton
Emil Krafth,1,45,19,14,73.7%,8,4,50.0%,1,0,0.0%,0,p111773,Newcastle
Romain Esse,4,40,20,13,65.0%,9,5,55.6%,2,0,0.0%,0,p606921,Crystal Palace
Jesse Derry,1,44,13,12,92.3%,8,7,87.5%,2,1,50.0%,0,p619734,Chelsea
Tyrell Malacia,3,15,13,11,84.6%,3,1,33.3%,0,0,0.0%,0,p222690,Man Utd
Jonah Kusi-Asare,7,49,16,11,68.8%,8,6,75.0%,0,0,0.0%,0,p631786,Fulham
Shea Lacey,3,40,11,9,81.8%,3,3,100.0%,0,0,0.0%,0,p576628,Man Utd
Solly March,4,38,12,9,75.0%,4,3,75.0%,4,0,0.0%,0,p109345,Brighton
Romelle Donovan,4,38,16,9,56.3%,9,7,77.8%,2,0,0.0%,0,p606689,Brentford
Lorenzo Lucca,4,127,16,9,56.3%,7,3,42.9%,0,0,0.0%,0,p469130,Nott'm Forest
Callum Olusesi,1,14,8,8,100.0%,4,4,100.0%,0,0,0.0%,0,p499726,Spurs
Dan Neil,3,13,9,8,88.9%,2,1,50.0%,0,0,0.0%,0,p223336,Sunderland
Joél Drakes-Thomas,2,7,11,8,72.7%,5,4,80.0%,0,0,0.0%,0,p672492,Crystal Palace
Antoni Milambo,1,45,11,8,72.7%,5,3,60.0%,0,0,0.0%,0,p543295,Brentford
Alex Murphy,2,7,7,7,100.0%,2,2,100.0%,0,0,0.0%,0,p545477,Newcastle
Jamaldeen Jimoh-Aloba,1,8,7,6,85.7%,1,1,100.0%,0,0,0.0%,0,p559962,Aston Villa
Jamaal Lascelles,2,19,8,6,75.0%,2,0,0.0%,0,0,0.0%,0,p101148,Newcastle
Tom Edozie,3,12,7,5,71.4%,2,1,50.0%,0,0,0.0%,0,p596054,Wolves
Bendito Mantato,1,15,5,5,100.0%,1,1,100.0%,1,0,0.0%,0,p576620,Man Utd
Ashley Barnes,7,40,13,4,30.8%,11,3,27.3%,0,0,0.0%,0,p44699,Burnley
Josh Dasilva,2,2,5,4,80.0%,3,2,66.7%,0,0,0.0%,0,p183656,Brentford
Jun'ai Byfield,1,1,5,4,80.0%,2,2,100.0%,0,0,0.0%,0,p640419,Spurs
Jaydon Banel,1,9,4,4,100.0%,3,3,100.0%,0,0,0.0%,0,p551206,Burnley
Sasa Kalajdzic,1,14,5,4,80.0%,2,1,50.0%,0,0,0.0%,0,p429414,Wolves
Bradley Burrowes,1,16,5,3,60.0%,1,1,100.0%,3,0,0.0%,0,p645618,Aston Villa
Sam Byram,2,8,6,3,50.0%,1,0,0.0%,0,0,0.0%,0,p113564,Leeds
Kaden Rodney,1,3,5,3,60.0%,2,1,50.0%,0,0,0.0%,0,p530318,Crystal Palace
Tawanda Chirewa,2,25,3,3,100.0%,1,1,100.0%,0,0,0.0%,0,p497606,Wolves
George Earthy,1,8,3,3,100.0%,1,1,100.0%,0,0,0.0%,0,p490885,West Ham
Djiamgone Jocelin Ta Bi,1,39,2,2,100.0%,1,1,100.0%,2,0,0.0%,0,p699989,Sunderland
Dane Scarlett,2,7,4,2,50.0%,0,0,0.0%,1,1,100.0%,0,p490145,Spurs
Callum Marshall,2,58,4,2,50.0%,1,0,0.0%,0,0,0.0%,0,p565431,West Ham
Jota Silva,1,11,2,2,100.0%,1,1,100.0%,1,0,0.0%,0,p510500,Nott'm Forest
Hamed Traoré,1,16,2,2,100.0%,0,0,0.0%,0,0,0.0%,0,p424044,Bournemouth
Jerome Abbey,1,16,5,1,20.0%,2,0,0.0%,0,0,0.0%,0,p685628,Wolves
Shumaira Mheuka,1,1,2,1,50.0%,0,0,0.0%,0,0,0.0%,0,p567119,Chelsea
Connor Roberts,0,0,0,0,0.0%,0,0,0.0%,0,0,0.0%,0,p192290,Burnley
Ethan Sutherland,0,0,0,0,0.0%,0,0,0.0%,0,0,0.0%,0,p589121,Wolves
Sean Neave,1,13,0,0,0.0%,0,0,0.0%,0,0,0.0%,0,p599303,Newcastle
Kaye Furo,1,1,0,0,0.0%,0,0,0.0%,0,0,0.0%,0,p593174,Brentford
Mateo Kovacic,0,0,0,0,0.0%,0,0,0.0%,0,0,0.0%,0,p91651,Man City
Lamin Sillah,0,0,0,0,0.0%,0,0,0.0%,0,0,0.0%,0,p687076,Nott'm Forest
Adam Aznou,0,0,0,0,0.0%,0,0,0.0%,0,0,0.0%,0,p499300,Everton
Alfie Cresswell,0,0,0,0,0.0%,0,0,0.0%,0,0,0.0%,0,p592740,Leeds
Rhys Chadwick,0,0,0,0,0.0%,0,0,0.0%,0,0,0.0%,0,p577978,Leeds
Keiber Lamadrid,0,0,0,0,0.0%,0,0,0.0%,0,0,0.0%,0,p572702,West Ham
Ryan Kavuma-McQueen,0,0,0,0,0.0%,0,0,0.0%,0,0,0.0%,0,p616286,Chelsea
Jayden Lienou,0,0,0,0,0.0%,0,0,0.0%,0,0,0.0%,0,p643970,Leeds
Will Wright,0,0,0,0,0.0%,0,0,0.0%,0,0,0.0%,0,p677945,Liverpool
James McConnell,0,0,0,0,0.0%,0,0,0.0%,0,0,0.0%,0,p491501,Liverpool
Talla Ndiaye,0,0,0,0,0.0%,0,0,0.0%,0,0,0.0%,0,p718875,Liverpool
Jimmy Sinclair,0,0,0,0,0.0%,0,0,0.0%,0,0,0.0%,0,p590040,Nott'm Forest
Archie Whitehall,0,0,0,0,0.0%,0,0,0.0%,0,0,0.0%,0,p568159,Nott'm Forest
Eric da Silva Moreira,0,0,0,0,0.0%,0,0,0.0%,0,0,0.0%,0,p569014,Nott'm Forest
Kieran Morrison,0,0,0,0,0.0%,0,0,0.0%,0,0,0.0%,0,p596042,Liverpool
Mathis Eboué,0,0,0,0,0.0%,0,0,0.0%,0,0,0.0%,0,p671606,Chelsea
Ollie Shield,0,0,0,0,0.0%,0,0,0.0%,0,0,0.0%,0,p494556,Brentford
Saheed Olagunju,0,0,0,0,0.0%,0,0,0.0%,0,0,0.0%,0,p601956,Wolves
Harrison Jones,0,0,0,0,0.0%,0,0,0.0%,0,0,0.0%,0,p547410,Sunderland
Jim Thwaites,0,0,0,0,0.0%,0,0,0.0%,0,0,0.0%,0,p576634,Man Utd
Luka Bentt,0,0,0,0,0.0%,0,0,0.0%,0,0,0.0%,0,p559610,Brentford
Joshua Stephenson,0,0,0,0,0.0%,0,0,0.0%,0,0,0.0%,0,p649240,Brentford
Jenson Jones,0,0,0,0,0.0%,0,0,0.0%,0,0,0.0%,0,p232356,Sunderland
Riley Owen,0,0,0,0,0.0%,0,0,0.0%,0,0,0.0%,0,p547671,Brentford
Marli Salmon,0,0,0,0,0.0%,0,0,0.0%,0,0,0.0%,0,p616065,Arsenal
Conor McManus,0,0,0,0,0.0%,0,0,0.0%,0,0,0.0%,0,p587433,Brentford
Calvin Ramsay,0,0,0,0,0.0%,0,0,0.0%,0,0,0.0%,0,p489580,Liverpool
Tyler Fredricson,1,2,1,0,0.0%,0,0,0.0%,0,0,0.0%,0,p547676,Man Utd
James Rowswell,1,1,0,0,0.0%,0,0,0.0%,0,0,0.0%,0,p499716,Spurs
James Wilson,0,0,0,0,0.0%,0,0,0.0%,0,0,0.0%,0,p613232,Spurs
Jack Whittaker,0,0,0,0,0.0%,0,0,0.0%,0,0,0.0%,0,p570929,Sunderland
Jaydon Jones,0,0,0,0,0.0%,0,0,0.0%,0,0,0.0%,0,p571087,Sunderland
Rio Kyerematen,0,0,0,0,0.0%,0,0,0.0%,0,0,0.0%,0,p536134,Spurs
Godwill Kukonki,0,0,0,0,0.0%,0,0,0.0%,0,0,0.0%,0,p576637,Man Utd
Leo Shahar,0,0,0,0,0.0%,0,0,0.0%,0,0,0.0%,0,p553746,Newcastle
Kian McMahon-Brown,0,0,0,0,0.0%,0,0,0.0%,0,0,0.0%,0,p644593,Burnley
Milan Aleksic,0,0,0,0,0.0%,0,0,0.0%,0,0,0.0%,0,p626844,Sunderland
Jack Moorhouse,0,0,0,0,0.0%,0,0,0.0%,0,0,0.0%,0,p559684,Man Utd
Lucá Williams-Barnett,0,0,0,0,0.0%,0,0,0.0%,0,0,0.0%,0,p611917,Spurs
Luke Rawlings,0,0,0,0,0.0%,0,0,0.0%,0,0,0.0%,0,p605319,Wolves
Malcom DaCosta,0,0,0,0,0.0%,0,0,0.0%,0,0,0.0%,0,p678552,Bournemouth
Ryan McAidoo,0,0,0,0,0.0%,0,0,0.0%,0,0,0.0%,0,p616288,Man City
Zach Marsh,0,0,0,0,0.0%,0,0,0.0%,0,0,0.0%,0,p576980,Crystal Palace
Amara Nallo,0,0,0,0,0.0%,0,0,0.0%,0,0,0.0%,0,p611926,Liverpool
Remy Rees-Dottin,0,0,0,0,0.0%,0,0,0.0%,0,0,0.0%,0,p606774,Bournemouth
Danny Imray,0,0,0,0,0.0%,0,0,0.0%,0,0,0.0%,0,p502988,Crystal Palace
Dominic Sadi,0,0,0,0,0.0%,0,0,0.0%,0,0,0.0%,0,p550596,Bournemouth
Charlie Stevens,0,0,0,0,0.0%,0,0,0.0%,0,0,0.0%,0,p658013,Bournemouth
Reece Welch,0,0,0,0,0.0%,0,0,0.0%,0,0,0.0%,0,p474907,Everton
Elijah Campbell,0,0,0,0,0.0%,0,0,0.0%,0,0,0.0%,0,p491745,Everton
Sam Amissah,0,0,0,0,0.0%,0,0,0.0%,0,0,0.0%,0,p591385,Fulham
Stephen Mfuni,0,0,0,0,0.0%,0,0,0.0%,0,0,0.0%,0,p566213,Man City
Tymur Tutierov,0,0,0,0,0.0%,0,0,0.0%,0,0,0.0%,0,p604211,Sunderland
Leo Hjelde,0,0,0,0,0.0%,0,0,0.0%,0,0,0.0%,0,p477547,Sunderland
Myles Peart-Harris,1,1,0,0,0.0%,0,0,0.0%,0,0,0.0%,0,p450539,Brentford
Ben Casey,0,0,0,0,0.0%,0,0,0.0%,0,0,0.0%,0,p631106,Crystal Palace
George King,0,0,0,0,0.0%,0,0,0.0%,0,0,0.0%,0,p591384,Crystal Palace
Dean Benamar,0,0,0,0,0.0%,0,0,0.0%,0,0,0.0%,0,p643426,Crystal Palace
Temple Ojinnaka,0,0,0,0,0.0%,0,0,0.0%,0,0,0.0%,0,p514362,Wolves
Seth Ridgeon,0,0,0,0,0.0%,0,0,0.0%,0,0,0.0%,0,p619536,Fulham
Charlie Tasker,0,0,0,0,0.0%,0,0,0.0%,0,0,0.0%,0,p547720,Brighton
Reigan Heskey,0,0,0,0,0.0%,0,0,0.0%,0,0,0.0%,0,p580921,Man City
Sam Chambers,0,0,0,0,0.0%,0,0,0.0%,0,0,0.0%,0,p565863,Leeds
Oliver Pimlott,0,0,0,0,0.0%,0,0,0.0%,0,0,0.0%,0,p647960,Burnley
Enock Agyei,0,0,0,0,0.0%,0,0,0.0%,0,0,0.0%,0,p578614,Burnley
George Brierley,0,0,0,0,0.0%,0,0,0.0%,0,0,0.0%,0,p704232,Burnley
Airidas Golambeckis,0,0,0,0,0.0%,0,0,0.0%,0,0,0.0%,0,p643473,West Ham
Enso González,0,0,0,0,0.0%,0,0,0.0%,0,0,0.0%,0,p593001,Wolves
TJ Carroll,0,0,0,0,0.0%,0,0,0.0%,0,0,0.0%,0,p618027,Aston Villa
Yunus Konak,0,0,0,0,0.0%,0,0,0.0%,0,0,0.0%,0,p628204,Brentford
Wellity Lucky,0,0,0,0,0.0%,0,0,0.0%,0,0,0.0%,0,p519440,Liverpool
Leon Routh,0,0,0,0,0.0%,0,0,0.0%,0,0,0.0%,0,p664015,Aston Villa
Chido Obi,0,0,0,0,0.0%,0,0,0.0%,0,0,0.0%,0,p596047,Man Utd
Sam Alabi,0,0,0,0,0.0%,0,0,0.0%,0,0,0.0%,0,p666607,Newcastle
Julián Araujo,0,0,0,0,0.0%,0,0,0.0%,0,0,0.0%,0,p436893,Bournemouth
Braiden Graham,0,0,0,0,0.0%,0,0,0.0%,0,0,0.0%,0,p629068,Everton
Callum Bates,0,0,0,0,0.0%,0,0,0.0%,0,0,0.0%,0,p547801,Everton
Kota Takai,0,0,0,0,0.0%,0,0,0.0%,0,0,0.0%,0,p553299,Spurs
Gustavo Nunes,0,0,0,0,0.0%,0,0,0.0%,0,0,0.0%,0,p626464,Brentford
Freddie Simmonds,0,0,0,0,0.0%,0,0,0.0%,0,0,0.0%,0,p604988,Brighton
Joe Knight,1,1,0,0,0.0%,0,0,0.0%,0,0,0.0%,0,p567121,Brighton
Nehemiah Oriola,1,1,0,0,0.0%,0,0,0.0%,0,0,0.0%,0,p556637,Brighton
Charlie Gray,0,0,0,0,0.0%,0,0,0.0%,0,0,0.0%,0,p516234,Man City
Alfie Pond,0,0,0,0,0.0%,0,0,0.0%,0,0,0.0%,0,p517179,Wolves
Willy Boly,0,0,0,0,0.0%,0,0,0.0%,0,0,0.0%,0,p90585,Nott'm Forest
Benjamin Arthur,0,0,0,0,0.0%,0,0,0.0%,0,0,0.0%,0,p622536,Brentford
Andre Harriman-Annous,0,0,0,0,0.0%,0,0,0.0%,0,0,0.0%,0,p646243,Arsenal
Yusuf Akhamrich,0,0,0,0,0.0%,0,0,0.0%,0,0,0.0%,0,p590035,Spurs
Ben Broggio,0,0,0,0,0.0%,0,0,0.0%,0,0,0.0%,0,p577731,Aston Villa
Landon Emenalo,0,0,0,0,0.0%,0,0,0.0%,0,0,0.0%,0,p611912,Chelsea
Diego León,0,0,0,0,0.0%,0,0,0.0%,0,0,0.0%,0,p661712,Man Utd
Harry Gray,0,0,0,0,0.0%,0,0,0.0%,0,0,0.0%,0,p600882,Leeds
Travis Patterson,0,0,0,0,0.0%,0,0,0.0%,0,0,0.0%,0,p534836,Aston Villa
Triston Rowe,0,0,0,0,0.0%,0,0,0.0%,0,0,0.0%,0,p569577,Aston Villa
Manuel Akanji,0,0,0,0,0.0%,0,0,0.0%,0,0,0.0%,0,p211975,Man City
Ilkay Gündogan,0,0,0,0,0.0%,0,0,0.0%,0,0,0.0%,0,p59859,Man City
Aaron Ramsey,0,0,0,0,0.0%,0,0,0.0%,0,0,0.0%,0,p447715,Burnley
Manor Solomon,0,0,0,0,0.0%,0,0,0.0%,0,0,0.0%,0,p235674,Spurs
Romain Faivre,0,0,0,0,0.0%,0,0,0.0%,0,0,0.0%,0,p441240,Bournemouth
Tyler Onyango,0,0,0,0,0.0%,0,0,0.0%,0,0,0.0%,0,p461446,Everton
Giovanni Leoni,0,0,0,0,0.0%,0,0,0.0%,0,0,0.0%,0,p647681,Liverpool
Odsonne Édouard,1,2,0,0,0.0%,0,0,0.0%,0,0,0.0%,0,p199670,Crystal Palace
Youssef Chermiti,0,0,0,0,0.0%,0,0,0.0%,0,0,0.0%,0,p491012,Everton
Jakub Kiwior,0,0,0,0,0.0%,0,0,0.0%,0,0,0.0%,0,p440854,Arsenal
Luka Vuskovic,0,0,0,0,0.0%,0,0,0.0%,0,0,0.0%,0,p610799,Spurs
Largie Ramazani,0,0,0,0,0.0%,0,0,0.0%,0,0,0.0%,0,p433952,Leeds
Mads Roerslev,0,0,0,0,0.0%,0,0,0.0%,0,0,0.0%,0,p226956,Brentford
Jesurun Rak-Sakyi,0,0,0,0,0.0%,0,0,0.0%,0,0,0.0%,0,p450542,Crystal Palace
Andreas Pereira,0,0,0,0,0.0%,0,0,0.0%,0,0,0.0%,0,p156689,Fulham
Edson Álvarez,0,0,0,0,0.0%,0,0,0.0%,0,0,0.0%,0,p213999,West Ham
Samuel Iling-Junior,0,0,0,0,0.0%,0,0,0.0%,0,0,0.0%,0,p469247,Aston Villa
Park Seung-Soo,0,0,0,0,0.0%,0,0,0.0%,0,0,0.0%,0,p623110,Newcastle
Ben Winterburn,1,6,1,0,0.0%,1,0,0.0%,0,0,0.0%,0,p606775,Bournemouth
Philip Billing,0,0,0,0,0.0%,0,0,0.0%,0,0,0.0%,0,p168991,Bournemouth
