player_name,matches_played,mins,all_carries_total,all_carries_distance(M),all_carries_avg(M),progressive_total,progressive_distance(M),progressive_avg(M),ended_with_shot,ended_with_goal,ended_with_chance,ended_with_assist,player_id,club_name
Jan Paul van Hecke,36,3211,919,10668.1,11.6,599,7212.1,12.0,3,0,3,0,p469142,Brighton
Bernardo Silva,38,2886,649,7046.2,10.9,355,3478.1,9.8,7,1,8,0,p165809,Man City
Elliot Anderson,38,3334,637,6453.1,10.1,297,2620.1,8.8,8,2,7,0,p215379,Nott'm Forest
Declan Rice,36,3099,624,7460.8,12.0,328,3660.2,11.2,8,0,8,0,p204480,Arsenal
Marcos Senesi,37,3290,593,5919.2,10.0,388,4123.0,10.6,1,0,6,3,p221466,Bournemouth
Marc Guéhi,35,3150,586,6274.8,10.7,330,3453.7,10.5,0,0,3,1,p209036,Man City
Jérémy Doku,30,1784,571,7288.1,12.8,388,4822.4,12.4,25,3,33,2,p248875,Man City
Ryan Gravenberch,36,2996,566,6165.3,10.9,275,2957.1,10.8,15,2,8,1,p441266,Liverpool
Joachim Andersen,33,2877,556,5811.4,10.5,335,3301.1,9.9,1,0,1,1,p174874,Fulham
Dominik Szoboszlai,36,3233,528,5758.8,10.9,271,2713.8,10.0,11,2,12,1,p424876,Liverpool
Enzo Fernández,36,3121,527,5392.1,10.2,257,2613.6,10.2,6,0,14,1,p448047,Chelsea
Matheus Nunes,34,2865,514,5575.3,10.8,264,2820.6,10.7,2,0,6,2,p465351,Man City
Calvin Bassey,30,2532,510,5395.8,10.6,296,3038.7,10.3,2,0,5,0,p232892,Fulham
Ezri Konsa,34,3036,510,5212.1,10.2,285,2910.3,10.2,0,0,2,0,p199798,Aston Villa
Sander Berge,35,2911,500,5391.2,10.8,235,2306.4,9.8,3,0,5,1,p207189,Fulham
Virgil van Dijk,38,3420,494,4933.5,10.0,290,2903.5,10.0,0,0,3,0,p97032,Liverpool
Ibrahima Konaté,36,3100,488,4878.5,10.0,281,2964.8,10.6,0,0,1,0,p204716,Liverpool
Pedro Neto,33,2643,488,6337.6,13.0,268,3328.9,12.4,17,0,23,3,p247632,Chelsea
Lewis Dunk,32,2837,485,4769.5,9.8,214,1976.0,9.2,0,0,0,0,p83299,Brighton
Iliman Ndiaye,32,2786,476,5804.3,12.2,250,2462.1,9.8,22,2,12,1,p440993,Everton
Rayan Cherki,33,1786,475,5516.9,11.6,247,2819.7,11.4,23,1,16,7,p466052,Man City
Curtis Jones,34,1929,473,4788.1,10.1,204,1528.4,7.5,4,0,5,1,p206915,Liverpool
Rúben Dias,26,2140,469,4775.4,10.2,260,2732.9,10.5,1,0,1,0,p171314,Man City
James Garner,38,3414,462,4791.0,10.4,192,1769.9,9.2,3,0,5,2,p232928,Everton
Antoine Semenyo,37,3200,458,6071.2,13.3,244,2836.5,11.6,26,4,18,3,p437730,Man City
Alex Scott,36,2859,442,4935.4,11.2,218,2177.5,10.0,8,0,8,0,p503139,Bournemouth
João Gomes,35,2833,442,5080.2,11.5,211,1820.2,8.6,5,0,2,0,p448089,Wolves
Adrien Truffert,38,3380,440,4914.0,11.2,279,3154.2,11.3,3,0,7,1,p494521,Bournemouth
Alex Iwobi,29,2434,435,4885.1,11.2,229,2421.7,10.6,11,0,7,0,p153133,Fulham
Bruno Guimarães,29,2455,433,4252.2,9.8,214,1909.5,8.9,4,0,13,2,p208706,Newcastle
Marcus Tavernier,34,2738,419,4905.5,11.7,206,2349.4,11.4,22,0,19,0,p201658,Bournemouth
Martín Zubimendi,37,3001,417,4479.5,10.7,209,2120.2,10.1,2,0,3,0,p481655,Arsenal
Malick Thiaw,35,2964,417,4240.1,10.2,247,2536.3,10.3,1,0,0,0,p465642,Newcastle
Morgan Rogers,37,3285,415,4900.5,11.8,223,2520.4,11.3,30,3,16,1,p244850,Aston Villa
Maxence Lacroix,35,3087,414,3886.2,9.4,217,2148.9,9.9,0,0,1,0,p437499,Crystal Palace
Omar Alderete,33,2802,407,4514.4,11.1,268,2968.8,11.1,1,0,2,1,p201895,Sunderland
Matheus Cunha,33,2503,406,5143.6,12.7,239,3183.2,13.3,35,3,11,2,p430871,Man Utd
Bukayo Saka,31,2225,400,4763.2,11.9,207,2192.8,10.6,30,3,26,4,p223340,Arsenal
Yankuba Minteh,34,2398,398,4840.8,12.2,252,2767.5,11.0,14,1,13,2,p592031,Brighton
Jarrod Bowen,38,3405,395,5225.2,13.2,269,3386.7,12.6,27,2,18,4,p178186,West Ham
Neco Williams,37,3206,393,4412.7,11.2,223,2453.7,11.0,7,0,7,0,p215136,Nott'm Forest
William Saliba,30,2615,393,3806.2,9.7,225,2345.9,10.4,0,0,0,0,p462424,Arsenal
Cody Gakpo,35,2747,392,4568.6,11.7,213,2038.7,9.6,41,2,16,1,p243298,Liverpool
Sandro Tonali,34,2543,391,4220.7,10.8,173,1762.5,10.2,4,0,6,0,p432422,Newcastle
Amad Diallo,32,2344,388,4702.4,12.1,221,2232.9,10.1,24,0,18,1,p493250,Man Utd
Moisés Caicedo,33,2802,388,3680.4,9.5,179,1642.2,9.2,7,1,3,0,p486672,Chelsea
Bruno Fernandes,35,3066,384,4222.8,11.0,216,2427.5,11.2,12,0,17,3,p141746,Man Utd
Nathan Collins,34,2972,380,4349.1,11.4,218,2694.6,12.4,1,0,1,0,p432830,Brentford
Crysencio Summerville,31,2480,379,4956.7,13.1,203,2303.9,11.3,25,2,12,1,p450070,West Ham
Jaidon Anthony,36,2735,375,4300.6,11.5,200,2143.6,10.7,20,3,12,1,p444180,Burnley
Ferdi Kadioglu,37,3134,371,4798.1,12.9,217,2775.5,12.8,5,0,1,0,p231416,Brighton
Micky van de Ven,35,3043,368,4303.6,11.7,199,2379.2,12.0,0,0,1,0,p491279,Spurs
Nico O'Reilly,34,2648,368,4290.9,11.7,213,2464.6,11.6,6,1,5,0,p472769,Man City
Mateus Fernandes,36,3024,364,4296.7,11.8,164,1737.4,10.6,7,0,6,1,p551226,West Ham
Michael Kayode,37,3264,363,4442.4,12.2,192,2121.8,11.1,3,0,7,0,p607464,Brentford
Pau Torres,21,1676,360,4234.9,11.8,229,2730.4,11.9,0,0,1,0,p244954,Aston Villa
Luke Shaw,37,3231,359,3880.9,10.8,211,2265.6,10.7,2,0,5,0,p106760,Man Utd
Ethan Ampadu,34,3123,358,3852.3,10.8,155,1457.7,9.4,3,0,2,0,p199598,Leeds
Florian Wirtz,33,2388,354,3809.4,10.8,152,1360.5,9.0,12,1,21,1,p494595,Liverpool
Hugo Bueno,35,2364,351,4394.1,12.5,232,2815.7,12.1,3,0,8,1,p490721,Wolves
Callum Hudson_Odoi,30,1844,349,4451.6,12.8,199,2403.7,12.1,17,2,26,0,p209046,Nott'm Forest
Granit Xhaka,34,2903,348,3475.1,10.0,179,1628.1,9.1,2,0,1,0,p84450,Sunderland
Álex Jiménez,30,2323,347,4853.7,14.0,235,3275.6,13.9,4,0,5,0,p551483,Bournemouth
Matty Cash,35,3020,346,3518.2,10.2,140,894.1,6.4,8,1,5,0,p199796,Aston Villa
Trevoh Chalobah,33,2782,343,3165.5,9.2,176,1534.9,8.7,1,0,0,0,p180736,Chelsea
Pedro Porro,34,2798,343,3678.4,10.7,204,2168.1,10.6,3,0,8,0,p441164,Spurs
Morgan Gibbs_White,37,3110,342,4067.1,11.9,197,2330.7,11.8,10,1,14,1,p222531,Nott'm Forest
Lewis Hall,30,2179,336,3691.8,11.0,195,2028.3,10.4,5,0,3,0,p487838,Newcastle
Noah Sadiki,33,2894,336,3637.3,10.8,177,1693.9,9.6,4,0,7,0,p577669,Sunderland
Nordi Mukiele,31,2787,334,3735.5,11.2,194,1947.4,10.0,4,1,4,1,p200834,Sunderland
Dan Ballard,28,2148,332,3909.2,11.8,195,2316.2,11.9,1,1,2,0,p223827,Sunderland
Tyrick Mitchell,38,3253,327,3736.2,11.4,208,2182.9,10.5,6,0,10,1,p244723,Crystal Palace
Jack Grealish,20,1631,326,3927.6,12.0,178,1737.8,9.8,10,1,14,3,p114283,Everton
Martin Ødegaard,24,1370,325,3771.9,11.6,142,1379.9,9.7,9,0,14,2,p184029,Arsenal
Djed Spence,28,2056,322,4003.0,12.4,171,2134.3,12.5,5,0,5,0,p232859,Spurs
Pascal Struijk,34,2937,322,3014.7,9.4,175,1545.6,8.8,0,0,0,0,p222694,Leeds
Rodri,21,1513,321,3057.4,9.5,159,1391.4,8.8,2,0,3,0,p220566,Man City
Cole Palmer,25,1965,316,3954.7,12.5,181,2115.9,11.7,17,1,11,0,p244851,Chelsea
Gabriel Magalhães,31,2751,315,2991.3,9.5,192,1860.7,9.7,1,0,1,0,p226597,Arsenal
Yehor Yarmoliuk,36,2665,314,3414.5,10.9,136,1057.3,7.8,2,0,3,0,p508395,Brentford
Enzo Le Fée,36,2934,313,3201.6,10.2,140,1093.8,7.8,10,0,5,0,p484420,Sunderland
Malo Gusto,34,2267,312,3272.4,10.5,161,1302.5,8.1,3,0,9,1,p482609,Chelsea
Josko Gvardiol,18,1374,308,3435.1,11.2,176,1909.8,10.9,2,0,0,0,p477424,Man City
James Tarkowski,37,3330,307,3045.9,9.9,166,1650.2,9.9,0,0,1,0,p17761,Everton
Mohamed Salah,27,2148,306,3655.9,11.9,181,1885.5,10.4,25,3,14,1,p118748,Liverpool
Omari Hutchinson,30,1684,305,3701.1,12.1,165,1754.3,10.6,11,0,13,3,p503301,Nott'm Forest
Gabriel Gudmundsson,32,2637,302,3805.5,12.6,203,2588.7,12.8,2,0,10,0,p243526,Leeds
Phil Foden,33,2084,301,3027.5,10.1,137,1183.2,8.6,14,1,7,1,p209244,Man City
Kiernan Dewsbury_Hall,31,2635,299,3569.2,11.9,160,1983.0,12.4,8,2,11,2,p215413,Everton
Leandro Trossard,31,2006,298,3487.8,11.7,145,1300.0,9.0,14,1,13,4,p116216,Arsenal
Alejandro Garnacho,23,1268,289,3578.2,12.4,167,2143.8,12.8,13,1,19,4,p493105,Chelsea
Chris Richards,31,2826,289,2564.9,8.9,112,802.0,7.2,0,0,0,0,p427623,Crystal Palace
André,34,2766,288,2882.2,10.0,135,1263.4,9.4,3,1,4,0,p509291,Wolves
Harvey Barnes,36,1961,285,3402.3,11.9,161,1885.7,11.7,12,0,5,1,p201666,Newcastle
João Pedro,35,2674,285,3167.3,11.1,135,1515.0,11.2,14,2,6,0,p475168,Chelsea
Wesley Fofana,24,1726,280,2788.3,10.0,123,1187.5,9.7,0,0,1,1,p444463,Chelsea
Alexis Mac Allister,36,2662,279,2848.2,10.2,136,1409.7,10.4,7,0,3,0,p243016,Liverpool
Reece James,29,1961,277,2642.1,9.5,131,949.4,7.2,3,0,2,0,p225796,Chelsea
Nico González,23,1567,276,2687.4,9.7,143,1467.2,10.3,2,0,1,0,p465694,Man City
Lisandro Martínez,16,1231,274,2834.6,10.3,173,1922.4,11.1,0,0,0,0,p221820,Man Utd
Adam Wharton,34,2562,273,2658.3,9.7,148,1540.3,10.4,3,0,10,2,p496221,Crystal Palace
Ladislav Krejcí,27,2361,272,2759.2,10.1,148,1398.6,9.4,0,0,1,0,p431248,Wolves
Xavi Simons,27,1757,272,3542.8,13.0,145,1849.0,12.8,12,2,9,0,p493362,Spurs
Bryan Mbeumo,33,2621,271,3120.9,11.5,144,1510.7,10.5,12,2,11,2,p446008,Man Utd
Anthony Gordon,25,1814,271,3639.8,13.4,156,2040.0,13.1,13,0,8,2,p232826,Newcastle
Sepp van den Berg,32,2761,271,3064.2,11.3,163,1664.9,10.2,1,0,0,0,p444765,Brentford
Konstantinos Mavropanos,30,2528,268,2634.0,9.8,138,1466.3,10.6,0,0,0,0,p233963,West Ham
Jayden Bogle,33,2802,268,3123.4,11.7,147,1512.0,10.3,5,0,5,0,p226182,Leeds
Harry Wilson,36,2691,267,2997.3,11.2,115,922.7,8.0,26,3,11,2,p153682,Fulham
Kyle Walker,35,3097,265,3049.8,11.5,144,1483.0,10.3,1,0,3,0,p58621,Burnley
Mohammed Kudus,19,1545,264,3131.2,11.9,133,1181.0,8.9,6,0,6,0,p460842,Spurs
Casemiro,34,2588,262,2349.4,9.0,140,1246.0,8.9,5,1,4,0,p61256,Man Utd
Brenden Aaronson,35,2465,261,3042.7,11.7,140,1550.2,11.1,13,1,9,2,p427637,Leeds
Kaoru Mitoma,25,1721,261,3272.9,12.5,167,1973.0,11.8,9,0,12,0,p451340,Brighton
Kobbie Mainoo,25,1653,258,2778.2,10.8,141,1448.6,10.3,3,0,4,0,p516895,Man Utd
Sven Botman,23,1838,258,2376.5,9.2,122,917.4,7.5,0,0,1,0,p220237,Newcastle
Pascal Groß,18,1636,257,2497.9,9.7,135,1299.5,9.6,0,0,10,2,p60307,Brighton
Joe Rodon,33,2953,257,2613.6,10.2,136,1504.5,11.1,0,0,1,0,p214225,Leeds
Emile Smith Rowe,35,1928,256,2696.5,10.5,135,1238.4,9.2,7,0,4,0,p209289,Fulham
Mikkel Damsgaard,33,2057,256,2727.3,10.7,150,1519.2,10.1,8,1,10,1,p440089,Brentford
Harry Maguire,22,1655,254,2958.4,11.6,139,1688.5,12.1,1,0,0,0,p95658,Man Utd
Mathys Tel,29,1342,249,3105.5,12.5,143,1476.9,10.3,11,1,7,0,p511499,Spurs
Jaka Bijol,25,1893,248,2745.7,11.1,156,1678.4,10.8,0,0,0,0,p434752,Leeds
El Hadji Malick Diouf,31,2711,246,2866.0,11.7,150,1771.3,11.8,3,0,6,2,p613804,West Ham
Tijjani Reijnders,27,1636,245,2860.7,11.7,135,1569.6,11.6,17,1,2,1,p433036,Man City
Bashir Humphreys,20,1578,244,2720.5,11.1,117,1240.9,10.6,2,0,0,0,p461188,Burnley
Abdukodir Khusanov,19,1429,243,2632.3,10.8,121,1167.0,9.6,1,0,3,0,p578153,Man City
Diogo Dalot,34,2616,243,2771.1,11.4,137,1482.0,10.8,7,0,10,1,p216051,Man Utd
Kevin Danso,21,1491,242,2477.0,10.2,136,1392.5,10.2,0,0,0,0,p135720,Spurs
Jurriën Timber,28,2457,242,2609.6,10.8,150,1557.6,10.4,1,0,8,1,p445122,Arsenal
Nikola Milenkovic,35,3375,241,2358.8,9.8,123,1215.4,9.9,1,0,1,0,p227444,Nott'm Forest
Cristian Romero,23,1872,241,2140.9,8.9,137,1192.0,8.7,1,0,2,0,p221632,Spurs
Eberechi Eze,33,1900,238,2536.8,10.7,100,832.8,8.3,12,1,3,1,p232413,Arsenal
Milos Kerkez,32,2260,238,2815.3,11.8,147,1570.3,10.7,2,0,9,0,p544877,Liverpool
Daichi Kamada,25,1908,236,2614.1,11.1,125,1267.3,10.1,5,0,5,0,p209400,Crystal Palace
Mathias Jensen,34,2252,236,2235.1,9.5,107,765.5,7.2,8,2,5,0,p207283,Brentford
Leny Yoro,26,1739,235,2682.6,11.4,136,1607.4,11.8,0,0,0,0,p550864,Man Utd
Anton Stach,29,2378,234,2709.1,11.6,125,1356.6,10.9,10,1,11,1,p466525,Leeds
Dango Ouattara,31,2279,233,3063.3,13.1,153,1856.2,12.1,15,1,9,2,p533463,Brentford
Yasin Ayari,27,1924,232,2207.7,9.5,89,787.2,8.8,9,2,1,0,p509416,Brighton
Ian Maatsen,28,1599,230,2744.8,11.9,141,1446.9,10.3,0,0,6,0,p441302,Aston Villa
Antonee Robinson,22,1492,229,2681.8,11.7,140,1554.0,11.1,1,0,8,0,p169528,Fulham
Santiago Bueno,28,2553,228,2197.1,9.6,114,1164.9,10.2,0,0,2,0,p231480,Wolves
Lesley Ugochukwu,33,2350,226,2427.5,10.7,115,1096.2,9.5,6,1,4,1,p503714,Burnley
Vitalii Mykolenko,32,2960,224,2228.4,9.9,132,1170.4,8.9,3,0,5,1,p224967,Everton
Noah Okafor,27,1568,224,3264.0,14.6,138,2055.0,14.9,7,0,9,0,p435997,Leeds
Tyrone Mings,16,1323,221,2331.6,10.6,105,1044.2,9.9,0,0,2,0,p149484,Aston Villa
Marc Cucurella,34,2710,221,2274.1,10.3,158,1652.1,10.5,1,0,13,0,p179268,Chelsea
Mateus Mané,27,1790,219,2722.7,12.4,149,1942.9,13.0,19,1,4,0,p647671,Wolves
John McGinn,29,2157,219,2384.5,10.9,99,915.9,9.3,4,2,12,2,p122806,Aston Villa
Jacob Ramsey,28,1444,218,2634.9,12.1,102,1036.0,10.2,1,0,7,0,p232653,Newcastle
Kevin Schade,34,2757,218,2965.0,13.6,144,1856.4,12.9,12,3,9,1,p513418,Brentford
Tyler Adams,23,1778,218,2132.6,9.8,96,876.0,9.1,3,1,0,0,p200785,Bournemouth
Idrissa Gueye,25,2101,218,1996.4,9.2,105,978.7,9.3,6,0,3,1,p80801,Everton
Georginio Rutter,32,1790,215,2564.8,11.9,134,1620.9,12.1,10,0,5,2,p463067,Brighton
Rodrigo Bentancur,26,1892,215,2123.7,9.9,80,577.8,7.2,1,0,4,0,p202993,Spurs
Mats Wieffer,24,1908,212,2135.2,10.1,107,887.5,8.3,4,0,3,0,p467779,Brighton
Ibrahim Sangaré,27,2080,209,2049.7,9.8,90,850.1,9.4,1,0,3,1,p210462,Nott'm Forest
James Hill,26,2104,208,1839.8,8.8,111,1005.3,9.1,0,0,2,2,p463981,Bournemouth
Maxime Estève,33,2937,208,2195.9,10.6,123,1331.3,10.8,0,0,0,0,p477717,Burnley
Yéremy Pino,34,2091,207,2211.8,10.7,109,1122.8,10.3,6,0,13,0,p488024,Crystal Palace
Jordan Henderson,32,1922,207,2066.5,10.0,89,622.0,7.0,1,0,2,0,p56979,Brentford
Tom Cairney,23,763,204,2093.9,10.3,101,929.3,9.2,3,1,2,0,p76357,Fulham
Savinho,24,821,202,2827.8,14.0,144,1704.3,11.8,5,0,6,0,p510281,Man City
Noni Madueke,24,1217,201,2534.6,12.6,119,1289.7,10.8,8,0,7,0,p248857,Arsenal
Youri Tielemans,25,1862,201,2173.7,10.8,109,1090.7,10.0,3,0,5,0,p166989,Aston Villa
Murillo,25,2133,201,1944.2,9.7,110,986.2,9.0,1,0,3,0,p575476,Nott'm Forest
Jacob Murphy,32,1618,198,2081.7,10.5,102,999.4,9.8,17,2,3,0,p114243,Newcastle
Josh King,32,1304,196,2674.7,13.6,112,1527.0,13.6,8,0,4,0,p577725,Fulham
Samuel Chukwueze,23,1075,196,2113.8,10.8,99,963.1,9.7,8,1,12,3,p218328,Fulham
Joelinton,27,1953,195,1956.9,10.0,98,864.4,8.8,7,0,0,0,p180974,Newcastle
Lewis Miley,22,1493,195,2084.8,10.7,81,654.7,8.1,0,0,4,0,p547719,Newcastle
Diego Gómez,30,2136,193,2090.2,10.8,95,923.0,9.7,3,0,6,0,p514254,Brighton
Piero Hincapié,23,1792,193,2002.5,10.4,106,1140.3,10.8,0,0,0,0,p448104,Arsenal
Kevin,25,1037,191,2397.8,12.6,146,1837.0,12.6,7,0,5,0,p560552,Fulham
Michael Keane,28,2590,188,1707.0,9.1,98,818.2,8.3,1,0,0,0,p106611,Everton
Sasa Lukic,25,1734,188,2278.6,12.1,103,1270.3,12.3,2,0,6,0,p212314,Fulham
Carlos Baleba,28,1662,187,2059.8,11.0,94,979.0,10.4,3,0,0,0,p535301,Brighton
Hannibal Mejbri,25,1231,187,2094.3,11.2,111,1293.2,11.7,6,0,7,3,p465527,Burnley
Riccardo Calafiori,25,1707,187,2066.9,11.1,100,1030.4,10.3,6,0,2,0,p466075,Arsenal
Ismaïla Sarr,28,2176,186,2518.2,13.5,130,1645.5,12.7,11,1,7,1,p232185,Crystal Palace
Marcus Edwards,21,1064,185,2249.1,12.2,96,1046.5,10.9,8,0,7,1,p174592,Burnley
Ollie Watkins,37,2852,185,2267.3,12.3,110,1330.3,12.1,28,2,6,0,p178301,Aston Villa
Amadou Onana,23,1764,185,1941.8,10.5,75,700.8,9.3,2,0,1,0,p449871,Aston Villa
Pape Matar Sarr,23,1391,185,2137.3,11.6,86,818.6,9.5,2,0,1,0,p482442,Spurs
Keane Lewis_Potter,30,1968,183,2165.4,11.8,107,1151.3,10.8,4,0,5,1,p249231,Brentford
Emiliano Buendía,32,1759,182,1950.8,10.7,98,1006.1,10.3,8,2,10,0,p195546,Aston Villa
Aaron Wan_Bissaka,25,2084,182,2112.7,11.6,99,1101.0,11.1,0,0,6,1,p214590,West Ham
Boubacar Kamara,18,1418,182,1750.6,9.6,83,770.3,9.3,1,0,1,0,p226944,Aston Villa
Dan Burn,27,2199,181,1922.0,10.6,95,892.4,9.4,0,0,2,1,p78916,Newcastle
Jean_Clair Todibo,22,1817,181,1838.7,10.2,96,928.4,9.7,0,0,1,0,p462116,West Ham
Ryan Christie,24,986,180,2170.4,12.1,91,1092.9,12.0,5,1,3,0,p158499,Bournemouth
Ryan Sessegnon,27,1822,178,2209.3,12.4,114,1342.5,11.8,3,1,4,0,p184349,Fulham
Igor Thiago,35,3284,178,2071.3,11.6,87,986.8,11.3,16,3,5,0,p502500,Brentford
Toti Gomes,18,1427,177,1783.8,10.1,90,883.8,9.8,0,0,0,0,p510362,Wolves
David Brooks,29,1199,177,2044.8,11.6,86,923.5,10.7,9,0,11,1,p111317,Bournemouth
Tino Livramento,17,1328,176,2035.8,11.6,95,1024.9,10.8,1,0,1,0,p441191,Newcastle
Hugo Ekitiké,27,1810,176,2118.0,12.0,93,1132.4,12.2,21,3,9,2,p510663,Liverpool
Patrick Dorgu,24,1445,175,2118.8,12.1,112,1275.6,11.4,11,1,9,1,p596777,Man Utd
Jean_Ricner Bellegarde,25,1251,173,2241.8,13.0,98,1296.6,13.2,7,0,1,0,p231057,Wolves
Destiny Udogie,20,1340,172,2162.7,12.6,120,1413.0,11.8,1,0,4,0,p487053,Spurs
Hjalmar Ekdal,17,1539,171,1605.8,9.4,84,897.9,10.7,0,0,0,0,p478969,Burnley
Anthony Elanga,28,1313,171,2273.0,13.3,112,1523.0,13.6,6,0,6,1,p449434,Newcastle
Dan Ndoye,23,1176,170,2254.9,13.3,103,1326.9,12.9,6,0,9,0,p456512,Nott'm Forest
Rayan Aït_Nouri,17,976,169,2033.2,12.0,99,1236.6,12.5,2,0,2,0,p448514,Man City
Reinildo Mandava,24,1969,169,1833.9,10.9,98,1050.4,10.7,1,0,1,0,p434399,Sunderland
Chemsdine Talbi,28,1561,169,2222.7,13.2,92,1185.3,12.9,6,1,5,1,p549912,Sunderland
Jake O'Brien,35,3124,168,1747.6,10.4,97,846.9,8.7,0,0,3,0,p512462,Everton
Kenny Tete,22,1794,167,1828.8,11.0,84,689.1,8.2,2,0,2,0,p167074,Fulham
Wilson Odobert,23,980,164,2047.0,12.5,101,1119.4,11.1,4,0,9,0,p550839,Spurs
Lucas Pires,20,1406,162,1698.4,10.5,79,766.3,9.7,3,0,5,0,p549329,Burnley
Florentino,27,2112,162,1509.1,9.3,72,576.3,8.0,3,0,1,0,p216055,Burnley
Vitaly Janelt,22,1437,161,1679.7,10.4,87,798.2,9.2,0,0,4,0,p204580,Brentford
Lucas Paquetá,18,1521,161,1580.2,9.8,70,542.6,7.8,2,1,1,0,p224024,West Ham
Kristoffer Ajer,25,1807,160,1977.1,12.4,91,1186.4,13.0,1,0,0,0,p191866,Brentford
Trai Hume,36,3037,160,1793.8,11.2,80,811.9,10.1,2,0,7,0,p487676,Sunderland
Emmanuel Agbadou,14,1101,159,1561.8,9.8,72,673.6,9.4,0,0,2,0,p516939,Wolves
Victor Lindelöf,14,944,157,1627.3,10.4,82,812.6,9.9,0,0,1,1,p184667,Aston Villa
Lutsharel Geertruida,25,1685,157,1582.4,10.1,74,707.8,9.6,3,0,3,0,p247955,Sunderland
João Palhinha,32,2197,157,1484.8,9.5,71,622.0,8.8,1,0,0,0,p154296,Spurs
Jeremie Frimpong,21,1039,156,1916.3,12.3,113,1365.2,12.1,0,0,8,1,p216094,Liverpool
Maximilian Kilman,18,1559,156,1608.7,10.3,81,928.6,11.5,0,0,0,0,p214048,West Ham
Conor Bradley,15,932,156,1719.5,11.0,85,936.1,11.0,1,0,2,1,p492777,Liverpool
Jaydee Canvot,17,1334,155,1768.3,11.4,100,1182.4,11.8,0,0,1,0,p651426,Crystal Palace
Bafodé Diakité,15,1275,155,1519.7,9.8,102,980.4,9.6,0,0,0,0,p242882,Bournemouth
Fabian Schär,15,1091,155,1317.5,8.5,73,679.5,9.3,1,0,0,0,p119471,Newcastle
Rio Ngumoha,19,551,154,1878.1,12.2,84,917.0,10.9,8,1,11,1,p611922,Liverpool
Tim Iroegbunam,27,1485,153,1672.9,10.9,73,793.7,10.9,4,0,1,0,p490094,Everton
Jack Hinshelwood,26,1750,152,1576.2,10.4,81,771.1,9.5,2,1,1,0,p532529,Brighton
Timothy Castagne,25,1842,152,1662.4,10.9,92,978.6,10.6,0,0,2,0,p166477,Fulham
Cristhian Mosquera,16,989,151,1579.9,10.5,96,989.0,10.3,0,0,0,0,p500040,Arsenal
Habib Diarra,18,1407,149,1688.7,11.3,81,905.4,11.2,9,0,3,1,p547027,Sunderland
Randal Kolo Muani,28,1670,149,1915.1,12.9,92,1185.0,12.9,5,1,7,0,p247693,Spurs
Yerson Mosquera,27,2142,148,1527.4,10.3,74,795.8,10.8,0,0,2,0,p501837,Wolves
Archie Gray,21,1479,148,1679.6,11.3,73,724.8,9.9,1,0,3,2,p547701,Spurs
Olivier Boscagli,11,800,147,1433.6,9.8,85,819.4,9.6,0,0,0,0,p204120,Brighton
Douglas Luiz,19,923,146,1572.1,10.8,74,766.1,10.4,1,0,0,0,p230046,Aston Villa
Estêvão,21,845,145,1888.4,13.0,87,1163.3,13.4,17,1,7,1,p624773,Chelsea
Evanilson,35,2759,144,1637.3,11.4,62,630.8,10.2,12,1,5,0,p444102,Bournemouth
Daniel Muñoz,28,2403,143,1573.0,11.0,73,625.8,8.6,0,0,6,0,p247348,Crystal Palace
Morato,16,1342,143,1464.1,10.2,76,829.1,10.9,0,0,0,0,p485047,Nott'm Forest
Ao Tanaka,26,1314,143,1416.8,9.9,70,567.2,8.1,1,0,3,0,p248056,Leeds
Rayan,15,1119,140,2032.5,14.5,90,1254.6,13.9,11,2,11,2,p499604,Bournemouth
Kyle Walker_Peters,20,1380,140,1542.7,11.0,91,878.4,9.7,1,0,2,0,p158534,West Ham
Joe Willock,22,980,139,1729.2,12.4,83,1020.9,12.3,6,0,2,1,p200089,Newcastle
Maxim De Cuyper,27,1414,138,1373.4,10.0,78,778.8,10.0,0,0,6,1,p465730,Brighton
Jackson Tchatchoua,29,1837,137,1808.1,13.2,89,1101.9,12.4,1,0,7,0,p523705,Wolves
Josh Laurent,29,1759,137,1582.3,11.6,81,869.9,10.7,4,0,3,0,p167887,Burnley
Jefferson Lerma,24,1724,137,1231.6,9.0,62,517.8,8.4,1,0,2,0,p152551,Crystal Palace
Noussair Mazraoui,18,984,136,1426.8,10.5,91,977.3,10.7,2,0,3,0,p230001,Man Utd
Ola Aina,18,1590,136,1489.8,11.0,73,852.4,11.7,2,0,0,0,p159506,Nott'm Forest
Gabriel Martinelli,28,1073,135,1733.4,12.8,83,840.6,10.1,5,1,5,1,p444145,Arsenal
Jorge Cuenca,13,938,135,1389.3,10.3,85,887.5,10.4,0,0,0,0,p246301,Fulham
Kieran Trippier,19,1592,135,1469.8,10.9,86,793.6,9.2,0,0,1,0,p77794,Newcastle
Josh Acheampong,14,663,134,1382.7,10.3,52,572.5,11.0,0,0,0,0,p577016,Chelsea
Hwang Hee_Chan,26,1452,133,1567.7,11.8,71,693.4,9.8,4,0,7,1,p184754,Wolves
Brennan Johnson,29,1722,131,1660.1,12.7,76,964.1,12.7,6,1,5,0,p242898,Crystal Palace
Raúl Jiménez,34,2199,131,1351.2,10.3,57,444.7,7.8,7,0,3,0,p102057,Fulham
Ayden Heaven,12,923,130,1312.4,10.1,58,566.2,9.8,0,0,1,0,p606745,Man Utd
James Justin,24,1896,130,1466.8,11.3,71,721.2,10.2,2,0,0,0,p220627,Leeds
Igor Jesus,30,2314,129,1308.3,10.1,68,673.7,9.9,11,1,2,0,p482973,Nott'm Forest
Jorrel Hato,20,1142,128,1171.0,9.1,59,487.3,8.3,1,0,0,0,p551210,Chelsea
Conor Gallagher,16,1190,127,1374.2,10.8,55,346.0,6.3,0,0,3,1,p232787,Spurs
Erling Haaland,33,2958,126,1483.6,11.8,76,839.1,11.0,25,6,6,0,p223094,Man City
Rico Henry,22,1328,125,1493.0,11.9,75,824.3,11.0,0,0,2,0,p194010,Brentford
Issa Diop,10,814,124,1202.5,9.7,62,660.9,10.7,0,0,0,0,p219924,Fulham
Tomás Soucek,28,2198,124,1206.0,9.7,49,299.3,6.1,1,0,0,0,p215439,West Ham
Brajan Gruda,17,715,124,1479.2,11.9,74,773.0,10.4,7,0,11,1,p513433,Brighton
Manuel Ugarte,18,881,123,1214.0,9.9,52,494.0,9.5,2,0,0,0,p232112,Man Utd
Tosin Adarabioyo,10,789,123,1199.3,9.8,80,741.1,9.3,0,0,0,0,p109646,Chelsea
Andrey Santos,22,1255,122,1098.9,9.0,63,552.4,8.8,1,0,1,0,p532605,Chelsea
Will Hughes,24,1568,121,1319.7,10.9,71,780.7,11.0,2,0,1,0,p108413,Crystal Palace
Oscar Bobb,22,1037,121,1444.8,11.9,68,808.4,11.9,4,0,8,1,p477555,Fulham
Lewis Cook,15,872,121,1550.5,12.8,69,968.1,14.0,1,0,4,0,p155408,Bournemouth
Danny Welbeck,30,2263,120,1221.5,10.2,47,417.1,8.9,6,1,3,0,p50175,Brighton
Ross Barkley,20,852,120,1485.6,12.4,57,668.4,11.7,4,0,2,0,p88894,Aston Villa
Junior Kroupi,30,1683,120,1215.6,10.1,52,401.5,7.7,9,2,4,0,p560262,Bournemouth
Dwight McNeil,19,1168,120,1294.7,10.8,44,233.1,5.3,5,0,3,0,p433154,Everton
Lucas Bergvall,22,966,119,1490.6,12.5,54,649.8,12.0,0,0,3,1,p570526,Spurs
Jadon Sancho,22,873,119,1430.1,12.0,62,707.1,11.4,6,0,6,0,p209243,Aston Villa
Viktor Gyökeres,34,2230,118,1373.6,11.6,63,720.5,11.4,7,2,2,0,p224117,Arsenal
Andy Robertson,21,1172,118,1405.7,11.9,73,1003.9,13.8,4,1,2,0,p122798,Liverpool
Lucas Digne,25,1852,118,1145.6,9.7,73,638.5,8.7,0,0,4,2,p101188,Aston Villa
Jhon Arias,23,1121,118,1464.5,12.4,63,703.2,11.2,3,0,3,0,p230376,Wolves
Nathan Aké,12,688,116,1243.5,10.7,72,807.3,11.2,0,0,1,0,p126184,Man City
Amine Adli,28,1082,115,1502.3,13.1,58,793.4,13.7,4,0,3,0,p489888,Bournemouth
Nicolás Domínguez,23,1175,115,1202.9,10.5,54,595.1,11.0,0,0,2,0,p250199,Nott'm Forest
James Ward_Prowse,17,1096,114,1122.5,9.8,46,448.2,9.7,0,0,0,0,p101178,Burnley
Jean_Philippe Mateta,31,2222,113,1249.8,11.1,66,637.8,9.7,10,0,2,0,p231747,Crystal Palace
Lamare Bogarde,24,1047,112,1146.0,10.2,46,347.1,7.5,0,0,0,0,p515597,Aston Villa
Axel Tuanzebe,14,1202,111,1107.8,10.0,59,553.4,9.4,0,0,0,0,p180804,Burnley
Axel Disasi,14,1255,110,1158.3,10.5,54,623.4,11.5,1,0,0,0,p220362,West Ham
Matthijs de Ligt,13,1170,110,890.9,8.1,47,340.4,7.2,1,0,1,0,p209365,Man Utd
Nick Woltemade,31,1912,109,1150.6,10.6,47,380.6,8.1,1,0,4,0,p470313,Newcastle
Dominic Calvert_Lewin,31,2726,108,1232.1,11.4,52,538.4,10.4,10,1,3,0,p177815,Leeds
Justin Kluivert,19,951,107,1304.2,12.2,51,688.1,13.5,4,1,7,0,p222683,Bournemouth
Jacob Bruun Larsen,24,1023,105,1188.3,11.3,56,636.0,11.4,2,0,3,0,p179458,Burnley
Quilindschy Hartman,21,1830,105,957.7,9.1,59,481.3,8.2,3,0,3,1,p494960,Burnley
Joël Veltman,14,1050,104,1099.3,10.6,58,518.1,8.9,0,0,0,0,p111478,Brighton
Rodrigo Gomes,21,960,104,1237.7,11.9,54,665.2,12.3,4,1,1,0,p483081,Wolves
Josh Cullen,17,1519,104,953.7,9.2,47,433.0,9.2,0,0,1,0,p172567,Burnley
Loum Tchaouna,27,1270,97,1197.3,12.3,58,664.3,11.5,4,1,8,0,p469272,Burnley
Charly Alcaraz,20,685,96,1008.5,10.5,51,415.2,8.1,2,0,3,1,p502697,Everton
Richarlison,25,1957,96,1010.6,10.5,54,485.5,9.0,10,0,0,0,p212319,Spurs
Dilane Bakwa,14,552,96,1098.0,11.4,54,536.4,9.9,4,0,3,1,p476887,Nott'm Forest
Chadi Riad,9,554,94,889.2,9.5,58,546.7,9.4,0,0,0,0,p515621,Crystal Palace
Justin Devenny,15,788,90,1086.3,12.1,52,630.7,12.1,0,0,3,0,p489706,Crystal Palace
Thierno Barry,30,1915,89,1092.2,12.3,54,650.6,12.0,6,1,5,0,p586309,Everton
Jarrad Branthwaite,10,681,88,937.0,10.6,56,633.7,11.3,1,0,1,0,p480455,Everton
Brian Brobbey,26,1931,87,892.4,10.3,39,248.8,6.4,6,1,2,0,p441264,Sunderland
Evann Guessand,20,916,86,1106.8,12.9,49,582.5,11.9,0,0,0,0,p485337,Crystal Palace
Jørgen Strand Larsen,29,2316,85,815.0,9.6,38,311.1,8.2,6,0,1,0,p247412,Crystal Palace
Wilfried Gnonto,19,524,85,1011.2,11.9,44,426.2,9.7,4,0,3,0,p492859,Leeds
Freddie Potts,18,1167,85,883.2,10.4,42,424.1,10.1,0,0,0,0,p490142,West Ham
Liam Delap,23,1102,84,921.3,11.0,48,524.3,10.9,6,0,0,0,p463034,Chelsea
Lyle Foster,24,1372,84,1009.0,12.0,41,510.1,12.4,4,0,3,0,p435973,Burnley
Sean Longstaff,18,1006,83,899.0,10.8,37,290.2,7.8,0,0,3,0,p180135,Leeds
Mason Mount,18,1018,81,844.1,10.4,41,391.3,9.5,3,0,2,0,p184341,Man Utd
Myles Lewis_Skelly,11,698,80,827.6,10.3,47,530.7,11.3,0,0,0,0,p499169,Arsenal
Simon Adingra,14,658,80,999.8,12.5,46,570.3,12.4,0,0,3,0,p535818,Sunderland
John Stones,8,439,79,889.2,11.3,34,375.0,11.0,0,0,0,0,p97299,Man City
Soungoutou Magassa,20,979,78,839.8,10.8,32,332.0,10.4,1,0,1,0,p564940,West Ham
Jamie Gittens,14,490,78,1023.4,13.1,40,467.9,11.7,4,0,6,2,p463936,Chelsea
David Møller Wolfe,18,1049,76,833.6,11.0,46,485.3,10.6,0,0,4,1,p497949,Wolves
Dominic Solanke,14,1000,76,932.0,12.3,36,337.6,9.4,7,1,1,0,p154566,Spurs
Armando Broja,17,849,76,933.2,12.3,40,447.0,11.2,5,0,2,0,p440323,Burnley
Tolu Arokodare,27,1407,75,819.5,10.9,43,361.6,8.4,2,0,3,0,p488213,Wolves
James Milner,16,778,74,697.4,9.4,42,337.2,8.0,1,0,2,0,p15157,Brighton
Leon Bailey,12,452,74,976.3,13.2,46,561.4,12.2,4,0,2,1,p215711,Aston Villa
Rico Lewis,10,402,74,751.5,10.2,41,414.8,10.1,0,0,1,0,p477064,Man City
Veljko Milosavljevic,5,367,74,756.2,10.2,40,422.6,10.6,0,0,0,0,p620487,Bournemouth
Bertrand Traoré,12,638,73,751.4,10.3,34,172.4,5.1,6,1,3,0,p110504,Sunderland
Daniel James,16,553,72,832.0,11.6,45,489.3,10.9,4,0,4,0,p200617,Leeds
Lukas Nmecha,22,1073,72,896.3,12.4,40,513.1,12.8,5,1,2,0,p174594,Leeds
Joe Gomez,16,599,71,742.8,10.5,37,362.0,9.8,0,0,1,0,p171287,Liverpool
Benjamin Sesko,23,1635,71,706.9,10.0,33,273.6,8.3,7,0,3,1,p485711,Man Utd
Ilia Gruev,19,1322,71,633.3,8.9,24,94.1,3.9,1,0,2,2,p486520,Leeds
Omar Marmoush,18,699,70,800.6,11.4,44,435.5,9.9,5,0,3,2,p438234,Man City
Beto,27,1565,70,825.2,11.8,35,323.2,9.2,4,0,1,0,p486385,Everton
Yves Bissouma,10,605,70,665.4,9.5,24,151.0,6.3,1,0,0,0,p227127,Spurs
Nicolò Savona,14,1026,69,731.1,10.6,29,100.6,3.5,1,0,1,0,p500151,Nott'm Forest
Mikel Merino,17,1027,66,653.1,9.9,28,264.3,9.4,1,0,2,1,p195384,Arsenal
Aaron Hickey,16,685,63,629.8,10.0,22,211.1,9.6,0,0,0,0,p472713,Brentford
Ollie Scarles,12,659,63,564.9,9.0,34,215.8,6.3,1,0,2,0,p536109,West Ham
Adama Traoré,19,377,63,931.0,14.8,48,639.7,13.3,3,0,0,0,p159533,West Ham
Oleksandr Zinchenko,5,353,63,660.1,10.5,35,374.6,10.7,2,0,0,0,p206325,Nott'm Forest
William Osula,17,811,62,812.6,13.1,36,487.0,13.5,9,1,2,0,p538207,Newcastle
Romaine Mundle,13,400,60,729.6,12.2,22,218.6,9.9,3,0,0,0,p461199,Sunderland
Roméo Lavia,12,377,59,635.6,10.8,18,156.0,8.7,0,0,0,0,p514356,Chelsea
Zian Flemming,23,1776,58,560.9,9.7,26,184.1,7.1,6,0,3,0,p431639,Burnley
Eliezer Mayenda,17,756,58,753.6,13.0,40,537.1,13.4,4,0,3,0,p564406,Sunderland
Harrison Armstrong,9,528,58,638.7,11.0,27,291.5,10.8,0,0,2,0,p609873,Everton
Tyrique George,13,353,58,592.4,10.2,26,170.1,6.5,4,0,3,0,p550615,Everton
Benoît Badiashile,8,471,58,526.0,9.1,27,197.5,7.3,0,0,0,0,p242880,Chelsea
Luke O'Nien,10,564,57,722.7,12.7,31,468.6,15.1,0,0,0,0,p167512,Sunderland
Chris Rigg,14,766,57,565.3,9.9,24,166.8,7.0,2,0,2,0,p554197,Sunderland
Charalampos Kostoulas,18,353,56,651.6,11.6,33,356.4,10.8,4,1,1,0,p647850,Brighton
Callum Wilson,25,1243,56,634.3,11.3,36,429.0,11.9,10,1,3,1,p75115,West Ham
Wilson Isidor,24,1158,55,645.6,11.7,35,393.2,11.2,11,2,0,0,p437505,Sunderland
Ben White,10,704,54,605.8,11.2,31,317.6,10.2,1,0,3,1,p198869,Arsenal
Merlin Röhl,14,677,53,725.3,13.7,30,437.5,14.6,2,0,3,0,p513466,Everton
Matt Doherty,10,791,53,516.3,9.7,25,177.2,7.1,0,0,1,0,p87835,Wolves
Eddie Nketiah,12,416,53,644.4,12.2,35,401.4,11.5,4,1,2,0,p205533,Crystal Palace
Pablo,14,826,51,499.7,9.8,19,184.0,9.7,2,0,5,0,p530335,West Ham
Radu Dragusin,7,515,50,521.2,10.4,22,151.3,6.9,0,0,0,0,p493125,Spurs
Federico Chiesa,17,318,47,546.8,11.6,32,375.5,11.7,5,0,1,0,p223541,Liverpool
James McAtee,12,289,47,560.3,11.9,21,303.4,14.4,1,0,2,0,p432714,Nott'm Forest
Mateo Kovacic,6,126,46,488.9,10.6,25,255.0,10.2,0,0,1,1,p91651,Man City
Jack Harrison,9,263,46,497.6,10.8,26,251.7,9.7,1,0,1,0,p221399,Leeds
Donyell Malen,15,645,45,495.5,11.0,31,334.7,10.8,6,1,3,1,p204646,Aston Villa
Kai Havertz,12,583,44,512.9,11.7,25,254.9,10.2,4,0,1,0,p219847,Arsenal
Adam Smith,13,1076,44,478.4,10.9,24,205.6,8.6,0,0,1,0,p54469,Bournemouth
Nathaniel Clyne,9,596,42,404.7,9.6,22,177.7,8.1,1,0,2,1,p57328,Crystal Palace
Fer López,8,229,42,468.3,11.2,18,157.7,8.8,1,0,0,0,p643135,Wolves
Levi Colwill,3,225,41,407.3,9.9,19,229.5,12.1,0,0,0,0,p460028,Chelsea
Valentín Castellanos,15,1395,41,444.9,10.9,20,265.6,13.3,4,1,1,0,p247670,West Ham
Joshua Zirkzee,18,608,40,415.2,10.4,18,179.8,10.0,2,1,1,0,p458249,Man Utd
Tyler Dibling,12,350,40,524.3,13.1,23,296.1,12.9,1,0,1,0,p496661,Everton
Angel Gomes,11,464,39,343.7,8.8,18,129.3,7.2,1,0,0,0,p209041,Wolves
Nilson Angulo,7,406,39,468.3,12.0,27,297.9,11.0,5,0,0,0,p536661,Sunderland
Ethan Nwaneri,5,165,38,518.0,13.6,20,263.9,13.2,1,0,0,0,p499175,Arsenal
Marshall Munetsi,13,873,38,439.1,11.6,27,292.2,10.8,2,0,0,0,p433312,Wolves
Adam Armstrong,12,1146,37,349.0,9.4,10,35.4,3.5,3,1,0,0,p155511,Wolves
Max Dowman,6,153,37,513.5,13.9,23,276.7,12.0,3,1,2,0,p616077,Arsenal
Max Alleyne,2,135,37,499.2,13.5,21,250.4,11.9,0,0,0,0,p494307,Man City
Gabriel Jesus,14,421,36,405.5,11.3,23,241.2,10.5,4,0,2,0,p205651,Arsenal
Jenson Seelt,2,134,35,379.2,10.8,26,289.7,11.1,0,0,0,0,p519634,Sunderland
Luca Netz,7,355,34,415.1,12.2,19,177.8,9.4,0,0,2,0,p470315,Nott'm Forest
Reiss Nelson,7,118,33,442.2,13.4,16,170.6,10.7,0,0,0,0,p200641,Brentford
Jair Cunha,7,516,32,298.0,9.3,16,159.6,10.0,0,0,0,0,p575458,Nott'm Forest
Alexander Isak,14,703,30,340.0,11.3,18,225.1,12.5,3,0,0,0,p219168,Liverpool
Ki_Jana Hoever,7,428,30,297.9,9.9,17,128.6,7.6,0,0,2,0,p441271,Wolves
Nayef Aguerd,2,180,29,306.3,10.6,14,174.5,12.5,0,0,0,0,p210494,West Ham
Harvey Elliott,5,110,27,268.7,10.0,10,107.8,10.8,0,0,0,0,p444884,Aston Villa
Diego Coppola,2,194,27,273.7,10.1,14,84.8,6.1,0,0,0,0,p550090,Brighton
Rodrigo Muniz,17,997,26,258.2,9.9,14,142.4,10.2,1,0,0,0,p244042,Fulham
Ethan Pinnock,4,321,26,214.2,8.2,8,42.5,5.3,0,0,0,0,p231065,Brentford
Dennis Cirkin,7,320,26,312.8,12.0,15,188.2,12.5,0,0,0,0,p461195,Sunderland
Ben Gannon_Doak,8,105,25,340.2,13.6,17,219.1,12.9,1,0,1,1,p496208,Bournemouth
Taiwo Awoniyi,12,481,25,361.7,14.5,19,229.8,12.1,3,1,1,0,p210156,Nott'm Forest
Ryan Yates,9,604,23,208.3,9.1,7,39.1,5.6,1,0,0,0,p204968,Nott'm Forest
Andrés García,4,83,21,204.1,9.7,12,110.4,9.2,0,0,0,0,p606798,Aston Villa
Sebastiaan Bornauw,6,432,21,189.1,9.0,6,58.0,9.7,0,0,0,0,p437738,Leeds
Andy Irving,3,157,21,228.6,10.9,6,50.8,8.5,0,0,0,0,p229384,West Ham
Pedro Lima,5,259,19,194.8,10.3,12,134.2,11.2,0,0,1,0,p641221,Wolves
Joël Piroe,13,246,19,174.1,9.2,8,43.6,5.4,2,0,0,0,p235826,Leeds
Christantus Uche,11,159,19,182.4,9.6,11,109.7,10.0,0,0,0,0,p660392,Crystal Palace
Yoane Wissa,9,521,17,171.6,10.1,9,74.2,8.2,1,0,0,0,p216646,Newcastle
Wataru Endo,5,171,17,156.2,9.2,12,95.4,8.0,1,0,0,0,p158983,Liverpool
Arthur Masuaku,3,127,17,194.8,11.5,10,136.3,13.6,0,0,1,0,p105717,Sunderland
Luis Guilherme,4,121,16,210.2,13.1,8,63.3,7.9,0,0,1,0,p577114,West Ham
Enes Ünal,13,214,15,116.9,7.8,6,50.5,8.4,0,0,0,0,p168636,Bournemouth
Zeki Amdouni,3,69,14,187.3,13.4,9,101.5,11.3,1,0,0,0,p492831,Burnley
Alex Tóth,4,137,14,175.7,12.5,8,114.2,14.3,1,0,0,0,p614574,Bournemouth
Harry Howell,3,93,14,168.1,12.0,3,_6.9,_2.3,0,0,0,0,p597320,Brighton
Ben Davies,3,138,14,126.5,9.0,5,60.8,12.2,0,0,0,0,p115556,Spurs
Matt O'Riley,4,203,13,151.3,11.6,10,123.2,12.3,2,0,0,0,p219249,Brighton
Zach Abbott,3,165,13,112.4,8.6,7,79.6,11.4,0,0,0,0,p549067,Nott'm Forest
James Maddison,3,34,13,104.3,8.0,4,21.8,5.5,1,0,0,0,p172780,Spurs
Facundo Buonanotte,4,81,13,137.3,10.6,6,65.6,10.9,1,0,1,0,p536916,Leeds
Mohamadou Kanté,9,67,13,219.5,16.9,7,161.4,23.1,1,0,1,0,p630699,West Ham
Oliver Sonne,4,165,13,89.8,6.9,8,33.9,4.2,0,0,0,0,p519895,Burnley
Stefanos Tzimas,8,133,13,146.3,11.3,4,38.3,9.6,0,0,0,0,p608181,Brighton
Romelle Donovan,4,38,12,149.2,12.4,7,96.4,13.8,0,0,0,0,p606689,Brentford
Chris Wood,8,906,12,158.9,13.2,4,92.7,23.2,2,1,2,0,p60689,Nott'm Forest
Joe Worrall,6,497,12,98.2,8.2,2,_2.7,_1.4,0,0,0,0,p208912,Burnley
Nathan Patterson,3,240,12,142.1,11.8,5,45.1,9.0,0,0,0,0,p243571,Everton
Guido Rodríguez,5,177,12,143.0,11.9,5,39.3,7.9,0,0,0,0,p197024,West Ham
Ezra Mayers,4,113,11,116.4,10.6,7,82.0,11.7,0,0,0,0,p602903,West Ham
Julio Soler,2,34,11,91.3,8.3,2,3.7,1.8,0,0,0,0,p575901,Bournemouth
Arnaud Kalimuendo,5,89,11,117.0,10.6,7,63.8,9.1,2,0,0,0,p465680,Nott'm Forest
Romain Esse,4,40,11,91.8,8.3,6,62.3,10.4,0,0,0,0,p606921,Crystal Palace
Frank Onyeka,4,88,11,98.1,8.9,4,35.9,9.0,0,0,1,1,p428580,Brentford
Harrison Reed,4,90,10,86.8,8.7,3,15.4,5.1,0,0,2,0,p153366,Fulham
Jack Fletcher,2,107,10,86.8,8.7,1,9.0,9.0,0,0,0,0,p547037,Man Utd
Rio Cardines,1,90,9,104.0,11.6,8,79.3,9.9,0,0,1,0,p590014,Crystal Palace
Mike Trésor,3,37,9,84.0,9.3,3,0.7,0.2,0,0,0,0,p437748,Burnley
Tom Watson,4,57,9,128.4,14.3,6,100.8,16.8,0,0,0,0,p549074,Brighton
Shea Lacey,3,40,8,111.8,14.0,6,78.8,13.1,2,0,0,0,p576628,Man Utd
Christian Nørgaard,3,101,8,54.4,6.8,4,11.9,3.0,1,0,0,0,p128295,Arsenal
Jesse Derry,1,44,8,90.4,11.3,4,46.8,11.7,0,0,0,0,p619734,Chelsea
Souza,3,144,8,123.3,15.4,6,92.7,15.5,1,0,0,0,p616221,Spurs
Marc Guiu,3,266,8,101.5,12.7,6,66.9,11.1,1,0,1,1,p499309,Chelsea
Tammy Abraham,5,279,7,58.9,8.4,0,_4.0,0.0,0,0,1,0,p173879,Aston Villa
Borna Sosa,3,99,7,101.3,14.5,5,71.9,14.4,0,0,2,0,p218364,Crystal Palace
Niclas Füllkrug,5,408,7,67.9,9.7,3,2.3,0.8,0,0,0,0,p91889,West Ham
Tom Edozie,2,12,6,81.5,13.6,2,42.0,21.0,0,0,0,0,p596054,Wolves
Mamadou Sarr,1,100,6,70.7,11.8,2,_1.8,_0.9,0,0,0,0,p574458,Chelsea
Igor Julio,2,103,6,77.4,12.9,4,48.3,12.1,0,0,1,0,p223434,Brighton
Fábio Carvalho,1,100,6,95.7,15.9,4,75.5,18.9,0,0,0,0,p244858,Brentford
Patrick Roberts,1,27,6,58.8,9.8,3,22.7,7.6,1,0,0,0,p124165,Sunderland
Solly March,1,38,5,57.3,11.5,3,45.0,15.0,0,0,0,0,p109345,Brighton
George Hemmings,2,25,5,71.6,14.3,1,32.3,32.3,1,0,0,0,p577285,Aston Villa
Dário Essugo,2,26,5,39.4,7.9,3,30.2,10.1,0,0,0,0,p491007,Chelsea
Jonah Kusi_Asare,3,49,5,57.1,11.4,2,34.2,17.1,0,0,0,0,p631786,Fulham
Alysson Edward,3,47,5,61.1,12.2,4,48.7,12.2,0,0,0,0,p653481,Aston Villa
Trey Nyoni,2,21,4,30.9,7.7,3,9.1,3.0,0,0,0,0,p591386,Liverpool
Divine Mukasa,1,25,4,39.9,10.0,1,14.9,14.9,0,0,1,0,p590039,Man City
Joél Drakes_Thomas,2,7,4,66.3,16.6,3,46.7,15.6,0,0,0,0,p672492,Crystal Palace
Tyrell Malacia,1,15,3,21.8,7.3,0,_12.8,0.0,0,0,0,0,p222690,Man Utd
Josh Dasilva,2,2,3,29.5,9.8,1,12.5,12.5,0,0,0,0,p183656,Brentford
Séamus Coleman,2,20,3,77.8,25.9,2,46.9,23.5,0,0,0,0,p59949,Everton
Lorenzo Lucca,3,127,3,33.3,11.1,1,_8.7,_8.7,0,0,0,0,p469130,Nott'm Forest
Jamaldeen Jimoh_Aloba,1,8,3,25.0,8.3,0,_3.1,0.0,0,0,0,0,p559962,Aston Villa
Callum Marshall,1,58,3,32.5,10.8,1,12.8,12.8,0,0,0,0,p565431,West Ham
Tyler Fletcher,2,17,2,21.1,10.5,1,12.0,12.0,0,0,0,0,p519913,Man Utd
Kaye Furo,1,1,2,18.9,9.5,1,8.0,8.0,0,0,0,0,p593174,Brentford
Bradley Burrowes,1,16,2,46.4,23.2,2,44.7,22.4,0,0,0,0,p645618,Aston Villa
Djiamgone Jocelin Ta Bi,1,39,2,27.3,13.6,1,_1.7,_1.7,0,0,0,0,p699989,Sunderland
Callum Olusesi,1,14,2,13.7,6.8,0,_0.1,0.0,0,0,0,0,p499726,Spurs
Bendito Mantato,1,15,2,22.8,11.4,2,19.5,9.8,0,0,1,0,p576620,Man Utd
Jaydon Banel,1,9,2,11.0,5.5,0,_3.5,0.0,0,0,0,0,p551206,Burnley
Jamaal Lascelles,2,19,2,12.9,6.4,0,_12.5,0.0,0,0,0,0,p101148,Newcastle
Antoni Milambo,1,45,2,26.1,13.1,2,20.2,10.1,0,0,0,0,p543295,Brentford
Jun'ai Byfield,1,1,1,6.0,6.0,0,_5.1,0.0,0,0,0,0,p640419,Spurs
Dane Scarlett,1,7,1,7.0,7.0,0,_6.1,0.0,0,0,0,0,p490145,Spurs
Dan Neil,1,13,1,10.7,10.7,0,2.4,0.0,0,0,0,0,p223336,Sunderland
Myles Peart_Harris,1,1,1,5.8,5.8,0,_5.0,0.0,0,0,0,0,p450539,Brentford
George Earthy,1,8,1,7.7,7.7,1,7.5,7.5,0,0,0,0,p490885,West Ham
Sasa Kalajdzic,1,14,1,5.1,5.1,0,_1.1,0.0,0,0,0,0,p429414,Wolves
Jota Silva,1,11,1,6.8,6.8,1,6.7,6.7,0,0,0,0,p510500,Nott'm Forest
Hamed Traoré,1,16,1,8.0,8.0,1,8.0,8.0,0,0,0,0,p424044,Bournemouth
Connor Roberts,0,0,0,0.0,0.0,0,0.0,0.0,0,0,0,0,p192290,Burnley
Ashley Barnes,0,40,0,0.0,0.0,0,0.0,0.0,0,0,0,0,p44699,Burnley
Jerome Abbey,0,16,0,0.0,0.0,0,0.0,0.0,0,0,0,0,p685628,Wolves
Ethan Sutherland,0,0,0,0.0,0.0,0,0.0,0.0,0,0,0,0,p589121,Wolves
Alex Murphy,0,7,0,0.0,0.0,0,0.0,0.0,0,0,0,0,p545477,Newcastle
Sean Neave,0,13,0,0.0,0.0,0,0.0,0.0,0,0,0,0,p599303,Newcastle
Lamin Sillah,0,0,0,0.0,0.0,0,0.0,0.0,0,0,0,0,p687076,Nott'm Forest
Adam Aznou,0,0,0,0.0,0.0,0,0.0,0.0,0,0,0,0,p499300,Everton
Alfie Cresswell,0,0,0,0.0,0.0,0,0.0,0.0,0,0,0,0,p592740,Leeds
Rhys Chadwick,0,0,0,0.0,0.0,0,0.0,0.0,0,0,0,0,p577978,Leeds
Sam Byram,0,8,0,0.0,0.0,0,0.0,0.0,0,0,0,0,p113564,Leeds
Keiber Lamadrid,0,0,0,0.0,0.0,0,0.0,0.0,0,0,0,0,p572702,West Ham
Ryan Kavuma_McQueen,0,0,0,0.0,0.0,0,0.0,0.0,0,0,0,0,p616286,Chelsea
Shumaira Mheuka,0,1,0,0.0,0.0,0,0.0,0.0,0,0,0,0,p567119,Chelsea
Jayden Lienou,0,0,0,0.0,0.0,0,0.0,0.0,0,0,0,0,p643970,Leeds
Will Wright,0,0,0,0.0,0.0,0,0.0,0.0,0,0,0,0,p677945,Liverpool
James McConnell,0,0,0,0.0,0.0,0,0.0,0.0,0,0,0,0,p491501,Liverpool
Talla Ndiaye,0,0,0,0.0,0.0,0,0.0,0.0,0,0,0,0,p718875,Liverpool
Jimmy Sinclair,0,0,0,0.0,0.0,0,0.0,0.0,0,0,0,0,p590040,Nott'm Forest
Archie Whitehall,0,0,0,0.0,0.0,0,0.0,0.0,0,0,0,0,p568159,Nott'm Forest
Eric da Silva Moreira,0,0,0,0.0,0.0,0,0.0,0.0,0,0,0,0,p569014,Nott'm Forest
Kieran Morrison,0,0,0,0.0,0.0,0,0.0,0.0,0,0,0,0,p596042,Liverpool
Mathis Eboué,0,0,0,0.0,0.0,0,0.0,0.0,0,0,0,0,p671606,Chelsea
Ollie Shield,0,0,0,0.0,0.0,0,0.0,0.0,0,0,0,0,p494556,Brentford
Saheed Olagunju,0,0,0,0.0,0.0,0,0.0,0.0,0,0,0,0,p601956,Wolves
Harrison Jones,0,0,0,0.0,0.0,0,0.0,0.0,0,0,0,0,p547410,Sunderland
Jim Thwaites,0,0,0,0.0,0.0,0,0.0,0.0,0,0,0,0,p576634,Man Utd
Luka Bentt,0,0,0,0.0,0.0,0,0.0,0.0,0,0,0,0,p559610,Brentford
Joshua Stephenson,0,0,0,0.0,0.0,0,0.0,0.0,0,0,0,0,p649240,Brentford
Jenson Jones,0,0,0,0.0,0.0,0,0.0,0.0,0,0,0,0,p232356,Sunderland
Riley Owen,0,0,0,0.0,0.0,0,0.0,0.0,0,0,0,0,p547671,Brentford
Marli Salmon,0,0,0,0.0,0.0,0,0.0,0.0,0,0,0,0,p616065,Arsenal
Conor McManus,0,0,0,0.0,0.0,0,0.0,0.0,0,0,0,0,p587433,Brentford
Calvin Ramsay,0,0,0,0.0,0.0,0,0.0,0.0,0,0,0,0,p489580,Liverpool
Tyler Fredricson,0,2,0,0.0,0.0,0,0.0,0.0,0,0,0,0,p547676,Man Utd
James Rowswell,0,1,0,0.0,0.0,0,0.0,0.0,0,0,0,0,p499716,Spurs
James Wilson,0,0,0,0.0,0.0,0,0.0,0.0,0,0,0,0,p613232,Spurs
Jack Whittaker,0,0,0,0.0,0.0,0,0.0,0.0,0,0,0,0,p570929,Sunderland
Jaydon Jones,0,0,0,0.0,0.0,0,0.0,0.0,0,0,0,0,p571087,Sunderland
Rio Kyerematen,0,0,0,0.0,0.0,0,0.0,0.0,0,0,0,0,p536134,Spurs
Godwill Kukonki,0,0,0,0.0,0.0,0,0.0,0.0,0,0,0,0,p576637,Man Utd
Leo Shahar,0,0,0,0.0,0.0,0,0.0,0.0,0,0,0,0,p553746,Newcastle
Kian McMahon_Brown,0,0,0,0.0,0.0,0,0.0,0.0,0,0,0,0,p644593,Burnley
Milan Aleksic,0,0,0,0.0,0.0,0,0.0,0.0,0,0,0,0,p626844,Sunderland
Jack Moorhouse,0,0,0,0.0,0.0,0,0.0,0.0,0,0,0,0,p559684,Man Utd
Lucá Williams_Barnett,0,0,0,0.0,0.0,0,0.0,0.0,0,0,0,0,p611917,Spurs
Luke Rawlings,0,0,0,0.0,0.0,0,0.0,0.0,0,0,0,0,p605319,Wolves
Malcom DaCosta,0,0,0,0.0,0.0,0,0.0,0.0,0,0,0,0,p678552,Bournemouth
Ryan McAidoo,0,0,0,0.0,0.0,0,0.0,0.0,0,0,0,0,p616288,Man City
Zach Marsh,0,0,0,0.0,0.0,0,0.0,0.0,0,0,0,0,p576980,Crystal Palace
Kaden Rodney,0,3,0,0.0,0.0,0,0.0,0.0,0,0,0,0,p530318,Crystal Palace
Amara Nallo,0,0,0,0.0,0.0,0,0.0,0.0,0,0,0,0,p611926,Liverpool
Remy Rees_Dottin,0,0,0,0.0,0.0,0,0.0,0.0,0,0,0,0,p606774,Bournemouth
Danny Imray,0,0,0,0.0,0.0,0,0.0,0.0,0,0,0,0,p502988,Crystal Palace
Dominic Sadi,0,0,0,0.0,0.0,0,0.0,0.0,0,0,0,0,p550596,Bournemouth
Charlie Stevens,0,0,0,0.0,0.0,0,0.0,0.0,0,0,0,0,p658013,Bournemouth
Reece Welch,0,0,0,0.0,0.0,0,0.0,0.0,0,0,0,0,p474907,Everton
Elijah Campbell,0,0,0,0.0,0.0,0,0.0,0.0,0,0,0,0,p491745,Everton
Sam Amissah,0,0,0,0.0,0.0,0,0.0,0.0,0,0,0,0,p591385,Fulham
Stephen Mfuni,0,0,0,0.0,0.0,0,0.0,0.0,0,0,0,0,p566213,Man City
Tymur Tutierov,0,0,0,0.0,0.0,0,0.0,0.0,0,0,0,0,p604211,Sunderland
Leo Hjelde,0,0,0,0.0,0.0,0,0.0,0.0,0,0,0,0,p477547,Sunderland
Ben Casey,0,0,0,0.0,0.0,0,0.0,0.0,0,0,0,0,p631106,Crystal Palace
George King,0,0,0,0.0,0.0,0,0.0,0.0,0,0,0,0,p591384,Crystal Palace
Dean Benamar,0,0,0,0.0,0.0,0,0.0,0.0,0,0,0,0,p643426,Crystal Palace
Temple Ojinnaka,0,0,0,0.0,0.0,0,0.0,0.0,0,0,0,0,p514362,Wolves
Tawanda Chirewa,0,25,0,0.0,0.0,0,0.0,0.0,0,0,0,0,p497606,Wolves
Seth Ridgeon,0,0,0,0.0,0.0,0,0.0,0.0,0,0,0,0,p619536,Fulham
Charlie Tasker,0,0,0,0.0,0.0,0,0.0,0.0,0,0,0,0,p547720,Brighton
Reigan Heskey,0,0,0,0.0,0.0,0,0.0,0.0,0,0,0,0,p580921,Man City
Sam Chambers,0,0,0,0.0,0.0,0,0.0,0.0,0,0,0,0,p565863,Leeds
Oliver Pimlott,0,0,0,0.0,0.0,0,0.0,0.0,0,0,0,0,p647960,Burnley
Enock Agyei,0,0,0,0.0,0.0,0,0.0,0.0,0,0,0,0,p578614,Burnley
George Brierley,0,0,0,0.0,0.0,0,0.0,0.0,0,0,0,0,p704232,Burnley
Airidas Golambeckis,0,0,0,0.0,0.0,0,0.0,0.0,0,0,0,0,p643473,West Ham
Enso González,0,0,0,0.0,0.0,0,0.0,0.0,0,0,0,0,p593001,Wolves
TJ Carroll,0,0,0,0.0,0.0,0,0.0,0.0,0,0,0,0,p618027,Aston Villa
Yunus Konak,0,0,0,0.0,0.0,0,0.0,0.0,0,0,0,0,p628204,Brentford
Wellity Lucky,0,0,0,0.0,0.0,0,0.0,0.0,0,0,0,0,p519440,Liverpool
Leon Routh,0,0,0,0.0,0.0,0,0.0,0.0,0,0,0,0,p664015,Aston Villa
Chido Obi,0,0,0,0.0,0.0,0,0.0,0.0,0,0,0,0,p596047,Man Utd
Sam Alabi,0,0,0,0.0,0.0,0,0.0,0.0,0,0,0,0,p666607,Newcastle
Julián Araujo,0,0,0,0.0,0.0,0,0.0,0.0,0,0,0,0,p436893,Bournemouth
Braiden Graham,0,0,0,0.0,0.0,0,0.0,0.0,0,0,0,0,p629068,Everton
Callum Bates,0,0,0,0.0,0.0,0,0.0,0.0,0,0,0,0,p547801,Everton
Kota Takai,0,0,0,0.0,0.0,0,0.0,0.0,0,0,0,0,p553299,Spurs
Gustavo Nunes,0,0,0,0.0,0.0,0,0.0,0.0,0,0,0,0,p626464,Brentford
Freddie Simmonds,0,0,0,0.0,0.0,0,0.0,0.0,0,0,0,0,p604988,Brighton
Joe Knight,0,1,0,0.0,0.0,0,0.0,0.0,0,0,0,0,p567121,Brighton
Nehemiah Oriola,0,1,0,0.0,0.0,0,0.0,0.0,0,0,0,0,p556637,Brighton
Charlie Gray,0,0,0,0.0,0.0,0,0.0,0.0,0,0,0,0,p516234,Man City
Alfie Pond,0,0,0,0.0,0.0,0,0.0,0.0,0,0,0,0,p517179,Wolves
Willy Boly,0,0,0,0.0,0.0,0,0.0,0.0,0,0,0,0,p90585,Nott'm Forest
Benjamin Arthur,0,0,0,0.0,0.0,0,0.0,0.0,0,0,0,0,p622536,Brentford
Emil Krafth,0,45,0,0.0,0.0,0,0.0,0.0,0,0,0,0,p111773,Newcastle
Andre Harriman_Annous,0,0,0,0.0,0.0,0,0.0,0.0,0,0,0,0,p646243,Arsenal
Yusuf Akhamrich,0,0,0,0.0,0.0,0,0.0,0.0,0,0,0,0,p590035,Spurs
Ben Broggio,0,0,0,0.0,0.0,0,0.0,0.0,0,0,0,0,p577731,Aston Villa
Landon Emenalo,0,0,0,0.0,0.0,0,0.0,0.0,0,0,0,0,p611912,Chelsea
Diego León,0,0,0,0.0,0.0,0,0.0,0.0,0,0,0,0,p661712,Man Utd
Harry Gray,0,0,0,0.0,0.0,0,0.0,0.0,0,0,0,0,p600882,Leeds
Travis Patterson,0,0,0,0.0,0.0,0,0.0,0.0,0,0,0,0,p534836,Aston Villa
Triston Rowe,0,0,0,0.0,0.0,0,0.0,0.0,0,0,0,0,p569577,Aston Villa
Manuel Akanji,0,0,0,0.0,0.0,0,0.0,0.0,0,0,0,0,p211975,Man City
Ilkay Gündogan,0,0,0,0.0,0.0,0,0.0,0.0,0,0,0,0,p59859,Man City
Aaron Ramsey,0,0,0,0.0,0.0,0,0.0,0.0,0,0,0,0,p447715,Burnley
Manor Solomon,0,0,0,0.0,0.0,0,0.0,0.0,0,0,0,0,p235674,Spurs
Romain Faivre,0,0,0,0.0,0.0,0,0.0,0.0,0,0,0,0,p441240,Bournemouth
Tyler Onyango,0,0,0,0.0,0.0,0,0.0,0.0,0,0,0,0,p461446,Everton
Giovanni Leoni,0,0,0,0.0,0.0,0,0.0,0.0,0,0,0,0,p647681,Liverpool
Odsonne Édouard,0,2,0,0.0,0.0,0,0.0,0.0,0,0,0,0,p199670,Crystal Palace
Youssef Chermiti,0,0,0,0.0,0.0,0,0.0,0.0,0,0,0,0,p491012,Everton
Jakub Kiwior,0,0,0,0.0,0.0,0,0.0,0.0,0,0,0,0,p440854,Arsenal
Luka Vuskovic,0,0,0,0.0,0.0,0,0.0,0.0,0,0,0,0,p610799,Spurs
Largie Ramazani,0,0,0,0.0,0.0,0,0.0,0.0,0,0,0,0,p433952,Leeds
Mads Roerslev,0,0,0,0.0,0.0,0,0.0,0.0,0,0,0,0,p226956,Brentford
Jesurun Rak_Sakyi,0,0,0,0.0,0.0,0,0.0,0.0,0,0,0,0,p450542,Crystal Palace
Andreas Pereira,0,0,0,0.0,0.0,0,0.0,0.0,0,0,0,0,p156689,Fulham
Edson Álvarez,0,0,0,0.0,0.0,0,0.0,0.0,0,0,0,0,p213999,West Ham
Samuel Iling_Junior,0,0,0,0.0,0.0,0,0.0,0.0,0,0,0,0,p469247,Aston Villa
Park Seung_Soo,0,0,0,0.0,0.0,0,0.0,0.0,0,0,0,0,p623110,Newcastle
Ben Winterburn,0,6,0,0.0,0.0,0,0.0,0.0,0,0,0,0,p606775,Bournemouth
Philip Billing,0,0,0,0.0,0.0,0,0.0,0.0,0,0,0,0,p168991,Bournemouth
