player_name,matches_played,mins,tackles,ints,pos_won,blocks,clearances,total_ground_duel,ground_duel_won,ground_percentage,total_aerial_duel,total_aerial_won,total_aerial_percentage,player_id,club_name
Elliot Anderson,38,3334,104,41,306,15,49,430,231,53.7%,112,66,58.9%,p215379,Nott'm Forest
André,35,2766,82,30,212,13,50,272,144,52.9%,19,4,21.1%,p509291,Wolves
Alex Scott,37,2859,60,36,195,14,81,265,148,55.8%,68,37,54.4%,p503139,Bournemouth
João Gomes,35,2833,107,36,194,6,45,394,199,50.5%,54,27,50.0%,p448089,Wolves
Adrien Truffert,38,3380,103,48,188,10,143,301,168,55.8%,98,44,44.9%,p494521,Bournemouth
Tyrick Mitchell,38,3253,101,34,187,12,100,239,144,60.3%,67,26,38.8%,p244723,Crystal Palace
Dominik Szoboszlai,36,3233,56,30,187,8,58,243,112,46.1%,43,19,44.2%,p424876,Liverpool
Yehor Yarmoliuk,37,2665,70,28,187,14,41,224,97,43.3%,58,32,55.2%,p508395,Brentford
James Garner,38,3414,120,59,184,10,85,294,179,60.9%,47,30,63.8%,p232928,Everton
Mateus Fernandes,36,3024,103,35,182,12,36,320,180,56.3%,39,19,48.7%,p551226,West Ham
Ethan Ampadu,35,3123,81,50,182,17,83,206,127,61.6%,89,57,64.0%,p199598,Leeds
Declan Rice,36,3099,70,37,180,12,78,167,95,56.9%,74,50,67.6%,p204480,Arsenal
Granit Xhaka,34,2903,50,29,179,20,85,166,99,59.6%,91,56,61.5%,p84450,Sunderland
Iliman Ndiaye,32,2786,70,16,178,2,19,362,180,49.7%,47,11,23.4%,p440993,Everton
Moisés Caicedo,33,2802,87,59,177,15,28,265,157,59.2%,44,15,34.1%,p486672,Chelsea
Matheus Nunes,34,2865,57,30,169,8,100,198,115,58.1%,69,42,60.9%,p465351,Man City
Bruno Fernandes,35,3066,54,20,167,5,42,218,103,47.2%,54,21,38.9%,p141746,Man Utd
Adam Wharton,34,2562,70,27,165,3,42,233,116,49.8%,55,24,43.6%,p496221,Crystal Palace
Neco Williams,37,3206,96,47,164,17,88,308,177,57.5%,78,39,50.0%,p215136,Nott'm Forest
Michael Kayode,37,3264,67,38,163,13,99,301,172,57.1%,68,41,60.3%,p607464,Brentford
Jarrod Bowen,38,3405,50,27,159,6,39,337,152,45.1%,90,33,36.7%,p178186,West Ham
Kyle Walker,36,3097,56,45,155,9,102,169,91,53.8%,92,47,51.1%,p58621,Burnley
Marcos Senesi,37,3290,62,56,154,47,253,182,104,57.1%,192,92,47.9%,p221466,Bournemouth
Enzo Le Fée,36,2934,89,29,154,12,36,273,139,50.9%,69,18,26.1%,p484420,Sunderland
Marcus Tavernier,34,2738,40,17,150,6,39,257,114,44.4%,62,24,38.7%,p201658,Bournemouth
Sandro Tonali,35,2543,35,31,147,7,37,169,94,55.6%,26,13,50.0%,p432422,Newcastle
Bernardo Silva,38,2886,54,22,146,6,34,221,97,43.9%,25,4,16.0%,p165809,Man City
Curtis Jones,34,1929,40,18,144,6,29,163,91,55.8%,38,11,28.9%,p206915,Liverpool
Antoine Semenyo,37,3200,45,13,143,7,29,335,125,37.3%,120,59,49.2%,p437730,Man City
Jaidon Anthony,37,2735,42,15,141,7,27,285,122,42.8%,37,12,32.4%,p444180,Burnley
Enzo Fernández,36,3121,53,21,140,2,28,258,111,43.0%,52,26,50.0%,p448047,Chelsea
Mikkel Damsgaard,33,2057,57,25,139,4,16,225,97,43.1%,46,19,41.3%,p440089,Brentford
Nathan Collins,35,2972,31,37,139,40,209,96,55,57.3%,162,89,54.9%,p432830,Brentford
Morgan Rogers,37,3285,42,13,139,2,32,354,132,37.3%,88,26,29.5%,p244850,Aston Villa
Marc Guéhi,35,3150,46,50,138,22,164,148,91,61.5%,158,103,65.2%,p209036,Man City
Casemiro,34,2588,90,31,138,27,73,246,131,53.3%,111,57,51.4%,p61256,Man Utd
Lewis Dunk,33,2837,35,30,136,26,142,91,51,56.0%,126,76,60.3%,p83299,Brighton
Bruno Guimarães,29,2455,62,15,135,3,36,298,155,52.0%,35,13,37.1%,p208706,Newcastle
Diogo Dalot,34,2616,53,27,135,9,92,154,83,53.9%,73,52,71.2%,p216051,Man Utd
Álex Jiménez,31,2323,69,27,135,10,41,242,128,52.9%,35,13,37.1%,p551483,Bournemouth
Lewis Hall,30,2179,54,28,134,14,77,233,132,56.7%,58,26,44.8%,p487838,Newcastle
Kiernan Dewsbury-Hall,31,2635,52,12,134,4,28,245,126,51.4%,46,21,45.7%,p215413,Everton
Jayden Bogle,34,2802,66,34,134,5,73,250,114,45.6%,53,24,45.3%,p226182,Leeds
Sander Berge,35,2911,57,25,133,15,50,158,80,50.6%,81,50,61.7%,p207189,Fulham
Pedro Porro,34,2798,76,31,133,10,102,226,121,53.5%,44,19,43.2%,p441164,Spurs
Nordi Mukiele,32,2787,69,40,131,10,156,182,104,57.1%,132,79,59.8%,p200834,Sunderland
Ferdi Kadioglu,37,3134,57,26,130,5,81,188,104,55.3%,64,32,50.0%,p231416,Brighton
Rodrigo Bentancur,26,1892,56,35,130,7,48,134,84,62.7%,76,31,40.8%,p202993,Spurs
Brenden Aaronson,37,2465,50,15,130,4,17,317,132,41.6%,72,24,33.3%,p427637,Leeds
Ryan Gravenberch,36,2996,59,48,128,11,53,235,133,56.6%,49,27,55.1%,p441266,Liverpool
Matheus Cunha,33,2503,39,21,127,3,22,279,136,48.7%,74,28,37.8%,p430871,Man Utd
Alex Iwobi,29,2434,27,14,127,3,18,122,55,45.1%,15,7,46.7%,p153133,Fulham
El Hadji Malick Diouf,32,2711,44,33,126,12,116,173,92,53.2%,82,45,54.9%,p613804,West Ham
Yasin Ayari,29,1924,47,26,124,4,24,189,93,49.2%,26,9,34.6%,p509416,Brighton
Malo Gusto,34,2267,53,31,122,2,39,155,86,55.5%,33,15,45.5%,p482609,Chelsea
Micky van de Ven,35,3043,39,22,122,22,131,118,72,61.0%,101,47,46.5%,p491279,Spurs
Crysencio Summerville,31,2480,45,16,120,4,30,315,163,51.7%,23,7,30.4%,p450070,West Ham
Joelinton,27,1953,43,30,120,3,40,186,86,46.2%,110,63,57.3%,p180974,Newcastle
Calvin Bassey,30,2532,62,22,119,21,99,173,112,64.7%,72,39,54.2%,p232892,Fulham
Trevoh Chalobah,34,2782,35,35,119,16,178,94,59,62.8%,135,75,55.6%,p180736,Chelsea
Anton Stach,29,2378,65,20,119,9,52,215,107,49.8%,77,48,62.3%,p466525,Leeds
Malick Thiaw,35,2964,44,31,118,33,184,98,62,63.3%,175,114,65.1%,p465642,Newcastle
Pascal Struijk,34,2937,39,31,118,17,207,116,64,55.2%,197,110,55.8%,p222694,Leeds
Bukayo Saka,31,2225,41,16,117,1,11,275,145,52.7%,52,22,42.3%,p223340,Arsenal
Ibrahima Konaté,36,3100,53,29,117,23,190,145,96,66.2%,174,124,71.3%,p204716,Liverpool
Mathias Jensen,36,2252,41,21,117,4,37,170,75,44.1%,29,8,27.6%,p207283,Brentford
Martín Zubimendi,38,3001,68,39,116,5,78,158,88,55.7%,98,65,66.3%,p481655,Arsenal
Hugo Bueno,35,2364,67,38,115,4,67,251,122,48.6%,42,19,45.2%,p490721,Wolves
Florian Wirtz,33,2388,34,11,115,2,13,201,92,45.8%,47,7,14.9%,p494595,Liverpool
Ibrahim Sangaré,28,2080,59,25,114,19,50,179,87,48.6%,51,24,47.1%,p210462,Nott'm Forest
Noah Sadiki,33,2894,46,34,114,10,44,200,112,56.0%,30,11,36.7%,p577669,Sunderland
Jake O'Brien,37,3124,57,15,114,15,144,144,79,54.9%,175,116,66.3%,p512462,Everton
Maxime Estève,34,2937,44,37,114,32,221,92,59,64.1%,118,80,67.8%,p477717,Burnley
Joachim Andersen,33,2877,45,36,114,19,229,113,62,54.9%,110,79,71.8%,p174874,Fulham
Idrissa Gueye,25,2101,43,28,114,7,24,143,81,56.6%,25,13,52.0%,p80801,Everton
Jan Paul van Hecke,36,3211,53,47,113,28,189,148,95,64.2%,194,114,58.8%,p469142,Brighton
Amad Diallo,32,2344,38,17,113,3,29,222,115,51.8%,32,13,40.6%,p493250,Man Utd
Florentino,31,2112,90,41,113,14,56,211,105,49.8%,51,24,47.1%,p216055,Burnley
Marc Cucurella,34,2710,55,32,113,8,87,159,84,52.8%,69,36,52.2%,p179268,Chelsea
William Saliba,31,2615,35,17,113,7,133,99,58,58.6%,132,73,55.3%,p462424,Arsenal
Diego Gómez,32,2136,78,18,112,3,28,233,107,45.9%,92,55,59.8%,p514254,Brighton
Alexis Mac Allister,37,2662,53,21,112,9,35,213,96,45.1%,37,17,45.9%,p243016,Liverpool
Gabriel Gudmundsson,32,2637,65,27,112,7,83,282,160,56.7%,50,18,36.0%,p243526,Leeds
Djed Spence,30,2056,44,18,111,3,52,205,98,47.8%,49,23,46.9%,p232859,Spurs
Morgan Gibbs-White,37,3110,20,13,110,3,32,205,89,43.4%,117,41,35.0%,p222531,Nott'm Forest
Sepp van den Berg,32,2761,23,29,109,22,195,60,35,58.3%,211,140,66.4%,p444765,Brentford
Emiliano Buendía,36,1759,49,15,109,4,20,218,103,47.2%,58,21,36.2%,p195546,Aston Villa
Nico O'Reilly,34,2648,68,20,109,11,72,246,110,44.7%,97,51,52.6%,p472769,Man City
Daichi Kamada,28,1908,63,14,108,1,23,182,102,56.0%,29,14,48.3%,p209400,Crystal Palace
Nikola Milenkovic,38,3375,31,29,108,36,218,86,54,62.8%,128,89,69.5%,p227444,Nott'm Forest
Ezri Konsa,34,3036,22,23,108,26,122,93,68,73.1%,56,32,57.1%,p199798,Aston Villa
Luke Shaw,38,3231,74,46,107,9,95,185,104,56.2%,118,64,54.2%,p106760,Man Utd
Vitalii Mykolenko,33,2960,51,30,107,9,145,176,89,50.6%,88,50,56.8%,p224967,Everton
Rodri,21,1513,41,14,107,3,41,127,79,62.2%,50,39,78.0%,p220566,Man City
Carlos Baleba,31,1662,37,29,105,6,32,154,73,47.4%,50,29,58.0%,p535301,Brighton
Mats Wieffer,26,1908,66,25,103,7,71,194,96,49.5%,90,44,48.9%,p467779,Brighton
Omar Alderete,33,2802,32,36,103,29,217,116,58,50.0%,153,88,57.5%,p201895,Sunderland
Konstantinos Mavropanos,31,2528,40,49,103,27,194,82,50,61.0%,123,84,68.3%,p233963,West Ham
Jefferson Lerma,31,1724,29,25,102,4,61,111,57,51.4%,113,65,57.5%,p152551,Crystal Palace
Phil Foden,33,2084,34,9,102,3,12,176,90,51.1%,24,6,25.0%,p209244,Man City
Trai Hume,38,3037,67,25,102,11,99,195,110,56.4%,133,65,48.9%,p487676,Sunderland
Reece James,29,1961,48,33,102,6,41,142,81,57.0%,47,31,66.0%,p225796,Chelsea
Murillo,25,2133,35,34,102,22,130,92,50,54.3%,46,24,52.2%,p575476,Nott'm Forest
Yéremy Pino,34,2091,36,9,101,1,21,196,78,39.8%,61,22,36.1%,p488024,Crystal Palace
Lesley Ugochukwu,35,2350,51,18,100,21,24,189,96,50.8%,57,26,45.6%,p503714,Burnley
Antonee Robinson,22,1492,48,29,98,3,55,122,69,56.6%,30,18,60.0%,p169528,Fulham
Jordan Henderson,32,1922,27,17,98,7,34,68,35,51.5%,31,13,41.9%,p56979,Brentford
Daniel Muñoz,29,2403,74,26,97,1,97,168,94,56.0%,98,44,44.9%,p247348,Crystal Palace
Jurriën Timber,30,2457,66,24,97,6,53,197,107,54.3%,60,40,66.7%,p445122,Arsenal
Keane Lewis-Potter,36,1968,23,12,96,2,37,144,75,52.1%,39,11,28.2%,p249231,Brentford
Tyler Adams,25,1778,53,33,96,9,42,138,69,50.0%,49,27,55.1%,p200785,Bournemouth
Yankuba Minteh,34,2398,56,17,95,0,16,285,143,50.2%,51,19,37.3%,p592031,Brighton
Kobbie Mainoo,28,1653,36,20,95,10,25,147,77,52.4%,39,15,38.5%,p516895,Man Utd
Mohammed Kudus,19,1545,29,3,95,0,6,234,96,41.0%,29,11,37.9%,p460842,Spurs
Maxence Lacroix,35,3087,60,45,94,17,252,139,85,61.2%,194,119,61.3%,p437499,Crystal Palace
Kevin Schade,35,2757,41,18,94,3,31,258,103,39.9%,173,87,50.3%,p513418,Brentford
Youri Tielemans,25,1862,58,18,94,14,19,175,107,61.1%,39,22,56.4%,p166989,Aston Villa
Yerson Mosquera,27,2142,62,30,93,15,114,179,113,63.1%,105,47,44.8%,p501837,Wolves
Igor Thiago,38,3284,38,12,93,7,64,234,91,38.9%,291,112,38.5%,p502500,Brentford
João Palhinha,33,2197,110,30,92,12,58,251,157,62.5%,62,36,58.1%,p154296,Spurs
Bryan Mbeumo,33,2621,25,8,91,1,14,173,71,41.0%,92,15,16.3%,p446008,Man Utd
Rayan Cherki,33,1786,26,7,91,1,7,236,111,47.0%,8,1,12.5%,p466052,Man City
Nico González,25,1567,42,24,90,6,44,129,72,55.8%,61,33,54.1%,p465694,Man City
Reinildo Mandava,25,1969,39,31,90,14,81,158,87,55.1%,62,34,54.8%,p434399,Sunderland
John McGinn,30,2157,29,12,89,5,15,207,96,46.4%,32,11,34.4%,p122806,Aston Villa
Jean-Clair Todibo,23,1817,38,17,89,13,98,65,44,67.7%,50,25,50.0%,p462116,West Ham
Sven Botman,25,1838,22,27,88,26,141,64,44,68.8%,135,87,64.4%,p220237,Newcastle
Milos Kerkez,34,2260,41,14,88,8,71,127,81,63.8%,66,33,50.0%,p544877,Liverpool
Jérémy Doku,30,1784,23,13,88,0,2,312,167,53.5%,12,4,33.3%,p248875,Man City
Matty Cash,35,3020,66,22,88,14,84,207,105,50.7%,59,32,54.2%,p199796,Aston Villa
Michael Keane,33,2590,36,37,88,26,203,84,48,57.1%,175,111,63.4%,p106611,Everton
James Tarkowski,37,3330,51,32,88,46,242,134,87,64.9%,212,148,69.8%,p17761,Everton
Cristian Romero,23,1872,58,30,88,14,94,132,82,62.1%,102,73,71.6%,p221632,Spurs
Cody Gakpo,36,2747,28,13,87,4,21,224,106,47.3%,110,56,50.9%,p243298,Liverpool
Virgil van Dijk,38,3420,22,28,87,26,275,60,42,70.0%,234,174,74.4%,p97032,Liverpool
Omari Hutchinson,31,1684,22,12,87,0,8,194,86,44.3%,29,5,17.2%,p503301,Nott'm Forest
Xavi Simons,28,1757,34,15,87,1,12,208,106,51.0%,37,12,32.4%,p493362,Spurs
Jack Grealish,20,1631,21,12,87,6,11,187,102,54.5%,23,4,17.4%,p114283,Everton
Lucas Pires,20,1406,29,20,86,5,39,109,51,46.8%,12,3,25.0%,p549329,Burnley
Jacob Ramsey,28,1444,41,9,85,4,10,123,70,56.9%,21,9,42.9%,p232653,Newcastle
Vitaly Janelt,25,1437,27,30,85,7,34,94,43,45.7%,38,23,60.5%,p204580,Brentford
Dango Ouattara,32,2279,24,24,85,0,52,218,86,39.5%,107,52,48.6%,p533463,Brentford
Joe Rodon,35,2953,37,29,85,22,185,86,55,64.0%,166,85,51.2%,p214225,Leeds
Pedro Neto,34,2643,19,6,84,0,13,215,91,42.3%,33,9,27.3%,p247632,Chelsea
Cole Palmer,26,1965,25,15,83,0,12,186,84,45.2%,4,0,0.0%,p244851,Chelsea
Harry Wilson,36,2691,29,15,82,3,48,159,84,52.8%,25,5,20.0%,p153682,Fulham
Kenny Tete,22,1794,65,27,82,6,68,173,104,60.1%,45,27,60.0%,p167074,Fulham
Ian Maatsen,30,1599,43,19,82,1,64,177,83,46.9%,30,18,60.0%,p441302,Aston Villa
Mohamed Salah,27,2148,17,4,81,1,7,174,52,29.9%,27,8,29.6%,p118748,Liverpool
Wesley Fofana,25,1726,19,40,81,19,129,85,45,52.9%,103,69,67.0%,p444463,Chelsea
Ao Tanaka,28,1314,27,21,81,2,15,86,40,46.5%,25,12,48.0%,p248056,Leeds
Ola Aina,18,1590,31,25,81,3,71,119,60,50.4%,39,25,64.1%,p159506,Nott'm Forest
Tino Livramento,17,1328,22,6,81,2,39,93,52,55.9%,18,9,50.0%,p441191,Newcastle
Ismaïla Sarr,28,2176,18,8,80,3,28,152,71,46.7%,89,24,27.0%,p232185,Crystal Palace
Pau Torres,21,1676,22,11,80,16,61,58,34,58.6%,48,25,52.1%,p244954,Aston Villa
Evanilson,36,2759,13,8,80,5,29,152,66,43.4%,132,47,35.6%,p444102,Bournemouth
Leandro Trossard,31,2006,27,9,80,3,14,190,90,47.4%,19,6,31.6%,p116216,Arsenal
Ladislav Krejcí,28,2361,32,32,79,15,117,94,40,42.6%,113,64,56.6%,p431248,Wolves
Eberechi Eze,33,1900,19,11,79,1,10,153,88,57.5%,35,10,28.6%,p232413,Arsenal
Tim Iroegbunam,29,1485,68,22,78,12,9,191,103,53.9%,38,22,57.9%,p490094,Everton
Patrick Dorgu,26,1445,48,15,77,3,32,192,105,54.7%,82,44,53.7%,p596777,Man Utd
Mateus Mané,27,1790,28,5,77,1,26,237,106,44.7%,46,8,17.4%,p647671,Wolves
Pape Matar Sarr,26,1391,33,18,77,10,47,123,59,48.0%,65,27,41.5%,p482442,Spurs
Pascal Groß,19,1636,29,12,76,4,24,101,48,47.5%,30,13,43.3%,p60307,Brighton
Dan Burn,29,2199,40,21,76,11,152,114,53,46.5%,162,98,60.5%,p78916,Newcastle
Lucas Paquetá,18,1521,39,8,76,6,17,176,85,48.3%,89,38,42.7%,p224024,West Ham
James Hill,29,2104,39,39,75,14,168,86,52,60.5%,174,114,65.5%,p463981,Bournemouth
Aaron Wan-Bissaka,25,2084,33,40,75,5,94,119,61,51.3%,46,22,47.8%,p214590,West Ham
Abdukodir Khusanov,21,1429,27,33,75,9,56,61,40,65.6%,30,15,50.0%,p578153,Man City
Ryan Sessegnon,27,1822,48,25,74,8,64,136,60,44.1%,45,19,42.2%,p184349,Fulham
Leny Yoro,32,1739,32,31,73,11,85,70,39,55.7%,78,44,56.4%,p550864,Man Utd
Riccardo Calafiori,26,1707,32,15,73,5,50,107,56,52.3%,77,48,62.3%,p466075,Arsenal
Kieran Trippier,21,1592,26,10,73,1,48,110,48,43.6%,48,24,50.0%,p77794,Newcastle
Rúben Dias,26,2140,13,23,73,17,117,47,24,51.1%,89,58,65.2%,p171314,Man City
Conor Gallagher,16,1190,23,18,73,4,6,115,57,49.6%,23,9,39.1%,p232787,Spurs
Josh Cullen,18,1519,31,22,73,11,35,88,49,55.7%,33,17,51.5%,p172567,Burnley
Amadou Onana,25,1764,48,25,72,17,59,123,77,62.6%,68,45,66.2%,p449871,Aston Villa
João Pedro,35,2674,27,7,72,4,27,252,122,48.4%,154,74,48.1%,p475168,Chelsea
Mathys Tel,31,1342,19,6,72,2,12,187,81,43.3%,51,16,31.4%,p511499,Spurs
Rico Henry,25,1328,15,8,72,5,41,94,47,50.0%,40,19,47.5%,p194010,Brentford
Emile Smith Rowe,37,1928,35,22,71,1,18,125,65,52.0%,20,7,35.0%,p209289,Fulham
Lutsharel Geertruida,28,1685,37,19,71,9,47,86,51,59.3%,26,12,46.2%,p247955,Sunderland
Sasa Lukic,26,1734,49,18,71,9,36,155,80,51.6%,57,23,40.4%,p212314,Fulham
Martin Ødegaard,24,1370,19,7,70,0,6,89,37,41.6%,8,3,37.5%,p184029,Arsenal
Destiny Udogie,20,1340,31,7,70,5,25,111,58,52.3%,21,8,38.1%,p487053,Spurs
James Justin,29,1896,56,28,70,10,90,134,87,64.9%,74,40,54.1%,p220627,Leeds
Bashir Humphreys,20,1578,27,11,69,14,84,86,43,50.0%,58,26,44.8%,p461188,Burnley
Quilindschy Hartman,21,1830,52,31,69,4,66,99,60,60.6%,28,10,35.7%,p494960,Burnley
Lewis Miley,23,1493,29,20,69,3,34,72,44,61.1%,62,45,72.6%,p547719,Newcastle
Dan Ballard,29,2148,33,20,69,23,185,102,62,60.8%,183,106,57.9%,p223827,Sunderland
Maxim De Cuyper,30,1414,23,12,68,2,28,97,51,52.6%,31,10,32.3%,p465730,Brighton
Santiago Bueno,29,2553,50,27,68,20,116,108,61,56.5%,94,48,51.1%,p231480,Wolves
Callum Hudson-Odoi,30,1844,14,8,68,2,14,125,56,44.8%,12,3,25.0%,p209046,Nott'm Forest
Lisandro Martínez,18,1231,19,12,67,11,62,51,35,68.6%,21,12,57.1%,p221820,Man Utd
Harvey Barnes,37,1961,13,3,67,1,16,133,49,36.8%,23,7,30.4%,p201666,Newcastle
Will Hughes,31,1568,27,15,66,8,28,119,62,52.1%,41,17,41.5%,p108413,Crystal Palace
Tomás Soucek,35,2198,43,16,66,14,83,141,68,48.2%,122,68,55.7%,p215439,West Ham
Emmanuel Agbadou,14,1101,32,13,66,15,65,64,41,64.1%,41,26,63.4%,p516939,Wolves
Hannibal Mejbri,27,1231,29,8,65,3,7,174,96,55.2%,32,6,18.8%,p465527,Burnley
Chris Richards,33,2826,55,43,65,18,196,112,63,56.3%,189,107,56.6%,p427623,Crystal Palace
Boubacar Kamara,18,1418,37,18,65,7,20,148,80,54.1%,56,36,64.3%,p226944,Aston Villa
Josh Laurent,33,1759,48,27,64,8,39,145,68,46.9%,50,26,52.0%,p167887,Burnley
Gabriel Magalhães,32,2751,38,23,64,33,182,103,72,69.9%,159,99,62.3%,p226597,Arsenal
Randal Kolo Muani,30,1670,29,3,64,1,18,201,74,36.8%,81,32,39.5%,p247693,Spurs
Piero Hincapié,25,1792,48,26,63,9,88,109,68,62.4%,63,32,50.8%,p448104,Arsenal
Lucas Digne,31,1852,36,15,63,4,61,96,52,54.2%,61,35,57.4%,p101188,Aston Villa
Jaka Bijol,25,1893,26,24,63,14,160,63,38,60.3%,126,66,52.4%,p434752,Leeds
Harry Maguire,23,1655,22,13,62,11,105,61,39,63.9%,79,59,74.7%,p95658,Man Utd
Jackson Tchatchoua,31,1837,29,15,62,8,57,80,43,53.8%,54,23,42.6%,p523705,Wolves
Lewis Cook,18,872,25,24,62,6,26,52,33,63.5%,25,9,36.0%,p155408,Bournemouth
Dwight McNeil,22,1168,23,10,62,3,13,85,37,43.5%,18,7,38.9%,p433154,Everton
Kaoru Mitoma,25,1721,18,9,62,1,17,169,67,39.6%,36,15,41.7%,p451340,Brighton
Ryan Christie,26,986,27,12,62,4,18,132,67,50.8%,28,13,46.4%,p158499,Bournemouth
Jack Hinshelwood,27,1750,19,5,61,4,25,93,34,36.6%,35,12,34.3%,p532529,Brighton
Junior Kroupi,33,1683,9,9,61,0,33,112,36,32.1%,30,8,26.7%,p560262,Bournemouth
Amine Adli,31,1082,36,7,61,2,17,123,66,53.7%,57,30,52.6%,p489888,Bournemouth
Igor Jesus,37,2314,24,3,61,5,30,188,74,39.4%,207,80,38.6%,p482973,Nott'm Forest
Richarlison,32,1957,27,5,61,3,51,155,70,45.2%,173,69,39.9%,p212319,Spurs
Chemsdine Talbi,28,1561,11,2,61,1,17,77,28,36.4%,14,1,7.1%,p549912,Sunderland
Noah Okafor,28,1568,23,12,61,1,16,190,76,40.0%,32,12,37.5%,p435997,Leeds
Mason Mount,23,1018,24,9,60,1,9,94,43,45.7%,21,7,33.3%,p184341,Man Utd
Georginio Rutter,32,1790,32,11,60,1,26,233,94,40.3%,50,19,38.0%,p463067,Brighton
Josh King,32,1304,27,3,59,4,14,131,73,55.7%,22,3,13.6%,p577725,Fulham
Kristoffer Ajer,27,1807,37,18,59,16,119,89,45,50.6%,105,60,57.1%,p191866,Brentford
Kyle Walker-Peters,23,1380,44,9,59,4,34,130,85,65.4%,31,12,38.7%,p158534,West Ham
Tijjani Reijnders,28,1636,10,10,58,0,20,111,45,40.5%,8,3,37.5%,p433036,Man City
Nicolás Domínguez,27,1175,56,7,58,5,17,122,73,59.8%,34,13,38.2%,p250199,Nott'm Forest
Jhon Arias,23,1121,43,8,58,2,15,137,60,43.8%,28,10,35.7%,p230376,Wolves
Hwang Hee-Chan,26,1452,10,13,57,0,16,97,37,38.1%,20,6,30.0%,p184754,Wolves
Jean-Philippe Mateta,32,2222,10,6,57,5,46,127,43,33.9%,165,67,40.6%,p231747,Crystal Palace
Mikel Merino,22,1027,26,10,57,2,19,101,51,50.5%,71,28,39.4%,p195384,Arsenal
Anthony Gordon,26,1814,19,3,57,0,13,179,92,51.4%,34,8,23.5%,p232826,Newcastle
Archie Gray,24,1479,11,17,57,4,44,59,20,33.9%,25,9,36.0%,p547701,Spurs
Samuel Chukwueze,23,1075,6,7,57,1,10,82,36,43.9%,18,7,38.9%,p218328,Fulham
Brennan Johnson,34,1722,29,4,56,1,32,116,51,44.0%,32,16,50.0%,p242898,Crystal Palace
Timothy Castagne,30,1842,40,31,56,9,65,82,54,65.9%,59,27,45.8%,p166477,Fulham
David Brooks,31,1199,19,4,56,0,15,114,49,43.0%,19,6,31.6%,p111317,Bournemouth
Viktor Gyökeres,36,2230,7,1,55,3,19,137,44,32.1%,97,30,30.9%,p224117,Arsenal
Raúl Jiménez,36,2199,35,8,55,2,30,177,78,44.1%,212,85,40.1%,p102057,Fulham
Olivier Boscagli,12,800,16,18,54,2,42,42,29,69.0%,30,17,56.7%,p204120,Brighton
Jaydee Canvot,20,1334,39,12,54,13,103,85,48,56.5%,56,37,66.1%,p651426,Crystal Palace
Soungoutou Magassa,22,979,40,16,54,4,14,102,62,60.8%,27,11,40.7%,p564940,West Ham
Wilson Odobert,24,980,10,1,54,0,13,87,44,50.6%,17,5,29.4%,p550839,Spurs
Toti Gomes,19,1427,23,14,53,11,95,66,44,66.7%,44,24,54.5%,p510362,Wolves
Nick Woltemade,33,1912,24,5,53,2,21,150,57,38.0%,91,35,38.5%,p470313,Newcastle
Morato,21,1342,30,11,53,13,87,65,42,64.6%,37,23,62.2%,p485047,Nott'm Forest
Gabriel Martinelli,30,1073,12,1,52,1,10,104,47,45.2%,26,8,30.8%,p444145,Arsenal
Joe Willock,24,980,20,9,52,2,6,95,38,40.0%,21,10,47.6%,p200089,Newcastle
Jeremie Frimpong,21,1039,11,6,52,0,13,101,50,49.5%,17,7,41.2%,p216094,Liverpool
Douglas Luiz,21,923,23,15,52,4,12,71,43,60.6%,21,9,42.9%,p230046,Aston Villa
Danny Welbeck,37,2263,24,9,51,0,30,122,45,36.9%,56,19,33.9%,p50175,Brighton
Manuel Ugarte,22,881,46,20,51,5,20,122,68,55.7%,26,11,42.3%,p232112,Man Utd
Ilia Gruev,23,1322,24,15,51,6,19,79,38,48.1%,34,14,41.2%,p486520,Leeds
Marcus Edwards,23,1064,11,2,50,0,4,117,43,36.8%,10,2,20.0%,p174592,Burnley
Josko Gvardiol,18,1374,18,15,50,9,61,51,27,52.9%,53,29,54.7%,p477424,Man City
Dan Ndoye,24,1176,23,10,50,2,12,124,58,46.8%,25,11,44.0%,p456512,Nott'm Forest
Jorrel Hato,22,1142,36,18,50,7,39,82,45,54.9%,34,16,47.1%,p551210,Chelsea
Hjalmar Ekdal,19,1539,24,12,49,12,125,46,31,67.4%,84,52,61.9%,p478969,Burnley
James Ward-Prowse,18,1096,16,20,49,7,17,58,31,53.4%,22,10,45.5%,p101178,Burnley
Ollie Watkins,37,2852,22,6,49,2,15,189,80,42.3%,93,36,38.7%,p178301,Aston Villa
Rayan Aït-Nouri,17,976,35,13,49,1,18,121,67,55.4%,23,14,60.9%,p448514,Man City
Kevin,26,1037,21,9,48,0,8,181,82,45.3%,22,8,36.4%,p560552,Fulham
Bafodé Diakité,18,1275,20,12,48,5,83,40,25,62.5%,71,35,49.3%,p242882,Bournemouth
Habib Diarra,20,1407,14,4,48,0,13,104,47,45.2%,24,11,45.8%,p547027,Sunderland
Andrey Santos,27,1255,37,20,48,6,18,90,61,67.8%,31,14,45.2%,p532605,Chelsea
Jacob Murphy,33,1618,16,6,47,4,17,120,49,40.8%,19,7,36.8%,p114243,Newcastle
Tyrone Mings,17,1323,5,11,47,9,83,31,14,45.2%,67,40,59.7%,p149484,Aston Villa
Noussair Mazraoui,20,984,28,14,46,1,54,76,50,65.8%,32,18,56.3%,p230001,Man Utd
Justin Kluivert,20,951,10,4,46,2,2,87,31,35.6%,29,6,20.7%,p222683,Bournemouth
Dominic Calvert-Lewin,35,2726,10,4,46,6,36,149,56,37.6%,317,128,40.4%,p177815,Leeds
Ross Barkley,21,852,14,2,45,3,10,76,36,47.4%,30,14,46.7%,p88894,Aston Villa
Alejandro Garnacho,24,1268,15,4,45,0,6,107,52,48.6%,16,3,18.8%,p493105,Chelsea
Kevin Danso,24,1491,27,25,45,10,135,76,41,53.9%,123,79,64.2%,p135720,Spurs
Brian Brobbey,31,1931,9,0,44,6,15,123,47,38.2%,139,65,46.8%,p441264,Sunderland
Jean-Ricner Bellegarde,26,1251,28,10,44,3,20,141,86,61.0%,30,9,30.0%,p231057,Wolves
Evann Guessand,21,916,24,5,43,3,10,131,58,44.3%,24,11,45.8%,p485337,Crystal Palace
Tom Cairney,24,763,7,4,43,1,7,47,22,46.8%,13,10,76.9%,p76357,Fulham
Lamare Bogarde,28,1047,26,5,43,6,23,85,48,56.5%,24,9,37.5%,p515597,Aston Villa
Rayan,15,1119,11,8,43,0,20,78,30,38.5%,57,25,43.9%,p499604,Bournemouth
Charly Alcaraz,20,685,14,3,43,3,7,71,32,45.1%,31,14,45.2%,p502697,Everton
Maximilian Kilman,21,1559,16,9,43,24,111,50,22,44.0%,82,47,57.3%,p214048,West Ham
Sean Longstaff,23,1006,38,12,43,6,11,108,57,52.8%,22,10,45.5%,p180135,Leeds
Conor Bradley,15,932,19,13,43,4,29,105,46,43.8%,31,15,48.4%,p492777,Liverpool
Fabian Schär,16,1091,14,18,43,11,71,41,20,48.8%,73,46,63.0%,p119471,Newcastle
Oscar Bobb,23,1037,21,9,42,0,3,121,65,53.7%,13,6,46.2%,p477555,Fulham
Lyle Foster,26,1372,16,4,42,3,20,110,38,34.5%,98,28,28.6%,p435973,Burnley
Hugo Ekitiké,28,1810,11,3,42,2,27,157,61,38.9%,82,31,37.8%,p510663,Liverpool
Erling Haaland,35,2958,15,5,41,1,42,123,57,46.3%,118,73,61.9%,p223094,Man City
Ayden Heaven,17,923,22,1,40,11,60,52,37,71.2%,28,18,64.3%,p606745,Man Utd
James Milner,20,778,15,6,40,1,19,46,19,41.3%,16,6,37.5%,p15157,Brighton
Joël Veltman,24,1050,31,18,40,6,44,80,55,68.8%,32,20,62.5%,p111478,Brighton
Axel Tuanzebe,14,1202,14,11,40,10,83,34,16,47.1%,46,22,47.8%,p180804,Burnley
Jorge Cuenca,15,938,16,16,40,10,75,36,19,52.8%,32,17,53.1%,p246301,Fulham
Andy Robertson,24,1172,12,8,40,3,32,28,16,57.1%,29,14,48.3%,p122798,Liverpool
Brajan Gruda,18,715,14,2,40,0,2,114,48,42.1%,11,8,72.7%,p513433,Brighton
Matthijs de Ligt,13,1170,19,15,40,6,68,37,24,64.9%,81,50,61.7%,p209365,Man Utd
Savinho,24,821,9,5,39,0,6,97,41,42.3%,4,0,0.0%,p510281,Man City
Lucas Bergvall,23,966,22,2,39,2,13,93,44,47.3%,19,5,26.3%,p570526,Spurs
Loum Tchaouna,29,1270,18,2,38,1,10,97,40,41.2%,39,14,35.9%,p469272,Burnley
Freddie Potts,22,1167,29,17,38,3,31,78,45,57.7%,33,20,60.6%,p490142,West Ham
Benjamin Sesko,30,1635,5,3,38,2,15,88,21,23.9%,121,64,52.9%,p485711,Man Utd
Jørgen Strand Larsen,36,2316,9,4,37,7,38,148,41,27.7%,204,80,39.2%,p247412,Crystal Palace
Estêvão,22,845,11,4,36,0,5,132,49,37.1%,17,3,17.6%,p624773,Chelsea
Noni Madueke,26,1217,21,5,35,1,8,149,65,43.6%,22,10,45.5%,p248857,Arsenal
Aaron Hickey,21,685,15,8,35,6,23,48,24,50.0%,18,9,50.0%,p472713,Brentford
Thierno Barry,38,1915,6,5,35,4,25,116,23,19.8%,284,130,45.8%,p586309,Everton
Ollie Scarles,13,659,30,13,35,1,30,61,39,63.9%,14,7,50.0%,p536109,West Ham
Cristhian Mosquera,20,989,32,8,34,6,47,72,40,55.6%,48,20,41.7%,p500040,Arsenal
Justin Devenny,21,788,25,1,34,0,12,88,38,43.2%,30,8,26.7%,p489706,Crystal Palace
Dominic Solanke,15,1000,22,3,34,2,11,86,44,51.2%,61,20,32.8%,p154566,Spurs
Zian Flemming,29,1776,17,7,33,5,37,122,46,37.7%,152,68,44.7%,p431639,Burnley
Rodrigo Gomes,22,960,23,9,33,2,13,80,39,48.8%,24,6,25.0%,p483081,Wolves
Chadi Riad,9,554,8,6,32,3,28,26,12,46.2%,28,13,46.4%,p515621,Crystal Palace
Anthony Elanga,32,1313,14,3,32,0,6,118,52,44.1%,35,13,37.1%,p449434,Newcastle
Axel Disasi,14,1255,14,13,32,12,49,29,20,69.0%,31,18,58.1%,p220362,West Ham
Jacob Bruun Larsen,28,1023,12,6,31,1,13,64,22,34.4%,28,11,39.3%,p179458,Burnley
Leon Bailey,13,452,10,3,31,0,4,61,20,32.8%,10,4,40.0%,p215711,Aston Villa
Yves Bissouma,11,605,18,9,31,3,14,43,27,62.8%,8,5,62.5%,p227127,Spurs
Lukas Nmecha,31,1073,12,3,31,1,11,79,35,44.3%,81,32,39.5%,p174594,Leeds
Valentín Castellanos,18,1395,11,6,31,2,21,89,29,32.6%,63,27,42.9%,p247670,West Ham
Myles Lewis-Skelly,20,698,8,5,30,1,11,55,32,58.2%,17,6,35.3%,p499169,Arsenal
Adam Smith,22,1076,15,8,29,9,38,60,26,43.3%,30,14,46.7%,p54469,Bournemouth
Chris Rigg,18,766,13,4,29,1,10,52,28,53.8%,13,4,30.8%,p554197,Sunderland
Jarrad Branthwaite,10,681,13,11,29,2,41,26,14,53.8%,38,30,78.9%,p480455,Everton
Merlin Röhl,16,677,25,4,28,2,9,84,35,41.7%,38,15,39.5%,p513466,Everton
Callum Wilson,32,1243,4,3,28,2,5,83,31,37.3%,64,19,29.7%,p75115,West Ham
Pablo,14,826,26,4,28,2,12,95,42,44.2%,63,21,33.3%,p530335,West Ham
Dilane Bakwa,14,552,4,0,28,1,2,59,26,44.1%,5,1,20.0%,p476887,Nott'm Forest
Ben White,12,704,15,9,28,4,25,40,24,60.0%,27,12,44.4%,p198869,Arsenal
Matt Doherty,11,791,16,7,28,6,37,52,24,46.2%,31,21,67.7%,p87835,Wolves
David Møller Wolfe,22,1049,10,7,27,2,31,37,19,51.4%,19,11,57.9%,p497949,Wolves
Nicolò Savona,14,1026,20,4,27,3,29,58,27,46.6%,12,7,58.3%,p500151,Nott'm Forest
Tolu Arokodare,33,1407,7,5,26,2,43,94,42,44.7%,191,99,51.8%,p488213,Wolves
Josh Acheampong,17,663,11,11,26,2,20,48,31,64.6%,18,11,61.1%,p577016,Chelsea
Beto,37,1565,15,1,26,4,43,130,41,31.5%,207,92,44.4%,p486385,Everton
Wilfried Gnonto,23,524,18,3,26,0,12,63,34,54.0%,14,1,7.1%,p492859,Leeds
Jadon Sancho,23,873,7,2,26,0,9,57,25,43.9%,9,3,33.3%,p209243,Aston Villa
Armando Broja,24,849,6,3,26,0,9,84,30,35.7%,111,35,31.5%,p440323,Burnley
Charalampos Kostoulas,21,353,11,1,25,0,4,65,29,44.6%,44,22,50.0%,p647850,Brighton
Liam Delap,28,1102,5,1,25,0,11,92,34,37.0%,59,25,42.4%,p463034,Chelsea
Harrison Armstrong,13,528,13,4,25,1,8,50,28,56.0%,13,6,46.2%,p609873,Everton
William Osula,24,811,6,1,23,1,0,75,30,40.0%,37,9,24.3%,p538207,Newcastle
Wilson Isidor,32,1158,11,1,23,1,15,73,24,32.9%,95,25,26.3%,p437505,Sunderland
Tyler Dibling,14,350,7,6,22,1,4,72,31,43.1%,7,2,28.6%,p496661,Everton
Tosin Adarabioyo,16,789,17,9,22,5,66,25,17,68.0%,58,41,70.7%,p109646,Chelsea
Romaine Mundle,14,400,5,1,22,0,6,55,19,34.5%,8,5,62.5%,p461199,Sunderland
Joe Gomez,21,599,10,9,20,2,25,40,13,32.5%,26,13,50.0%,p171287,Liverpool
Omar Marmoush,21,699,13,2,20,2,2,83,43,51.8%,9,3,33.3%,p438234,Man City
Roméo Lavia,12,377,8,5,20,0,4,34,19,55.9%,4,3,75.0%,p514356,Chelsea
Simon Adingra,14,658,11,2,20,0,11,75,21,28.0%,23,9,39.1%,p535818,Sunderland
Marshall Munetsi,13,873,21,7,20,2,30,78,35,44.9%,64,30,46.9%,p433312,Wolves
Joshua Zirkzee,24,608,9,1,19,2,11,49,20,40.8%,52,20,38.5%,p458249,Man Utd
Gabriel Jesus,14,421,4,3,19,0,5,42,13,31.0%,29,10,34.5%,p205651,Arsenal
Issa Diop,13,814,6,6,19,7,42,21,10,47.6%,25,15,60.0%,p219924,Fulham
Rio Ngumoha,19,551,4,3,19,1,3,79,46,58.2%,5,0,0.0%,p611922,Liverpool
John Stones,9,439,1,3,19,6,21,7,3,42.9%,13,11,84.6%,p97299,Man City
Victor Lindelöf,17,944,7,8,19,5,34,14,8,57.1%,17,11,64.7%,p184667,Aston Villa
Daniel James,19,553,7,1,19,0,8,43,21,48.8%,14,7,50.0%,p200617,Leeds
James McAtee,14,289,7,3,18,1,3,38,15,39.5%,6,1,16.7%,p432714,Nott'm Forest
Taiwo Awoniyi,17,481,2,1,18,1,4,32,11,34.4%,50,9,18.0%,p210156,Nott'm Forest
Ryan Yates,22,604,16,9,18,3,23,54,30,55.6%,30,20,66.7%,p204968,Nott'm Forest
Bertrand Traoré,12,638,11,2,18,3,6,68,36,52.9%,18,6,33.3%,p110504,Sunderland
Angel Gomes,12,464,10,0,17,2,4,40,23,57.5%,4,2,50.0%,p209041,Wolves
Nathaniel Clyne,10,596,16,5,17,2,26,34,21,61.8%,8,2,25.0%,p57328,Crystal Palace
Nathan Aké,18,688,8,5,17,1,31,22,16,72.7%,30,18,60.0%,p126184,Man City
Oleksandr Zinchenko,5,353,10,2,17,1,11,24,12,50.0%,10,4,40.0%,p206325,Nott'm Forest
Eddie Nketiah,12,416,8,2,17,1,10,51,20,39.2%,30,8,26.7%,p205533,Crystal Palace
Reiss Nelson,10,118,4,0,16,1,2,24,11,45.8%,0,0,0.0%,p200641,Brentford
Benoît Badiashile,8,471,7,10,16,4,27,15,9,60.0%,17,8,47.1%,p242880,Chelsea
Ki-Jana Hoever,8,428,13,6,16,1,20,33,21,63.6%,12,6,50.0%,p441271,Wolves
Adam Armstrong,14,1146,8,2,15,1,12,53,21,39.6%,23,9,39.1%,p155511,Wolves
Rodrigo Muniz,21,997,8,2,15,3,24,73,30,41.1%,147,78,53.1%,p244042,Fulham
Rico Lewis,11,402,5,7,15,1,6,35,16,45.7%,2,1,50.0%,p477064,Man City
Luca Netz,7,355,12,3,15,3,9,25,16,64.0%,11,2,18.2%,p470315,Nott'm Forest
Jamie Gittens,16,490,8,2,15,1,3,49,29,59.2%,10,3,30.0%,p463936,Chelsea
Kai Havertz,12,583,8,1,14,0,8,42,19,45.2%,42,17,40.5%,p219847,Arsenal
Yoane Wissa,19,521,5,0,14,1,2,32,8,25.0%,35,15,42.9%,p216646,Newcastle
Chris Wood,15,906,1,1,14,4,9,22,8,36.4%,65,26,40.0%,p60689,Nott'm Forest
Eliezer Mayenda,20,756,5,1,14,1,5,78,27,34.6%,44,15,34.1%,p564406,Sunderland
Radu Dragusin,10,515,5,16,14,7,46,20,7,35.0%,30,19,63.3%,p493125,Spurs
Tyrique George,15,353,7,2,14,0,0,42,16,38.1%,3,1,33.3%,p550615,Everton
Nathan Patterson,7,240,10,2,14,2,17,24,13,54.2%,9,7,77.8%,p243571,Everton
Adama Traoré,24,377,2,0,14,0,2,50,22,44.0%,14,1,7.1%,p159533,West Ham
Andy Irving,7,157,6,1,14,1,0,11,6,54.5%,4,0,0.0%,p229384,West Ham
Max Dowman,6,153,2,1,13,0,0,38,15,39.5%,2,0,0.0%,p616077,Arsenal
Alexander Isak,14,703,7,0,13,1,9,31,9,29.0%,27,8,29.6%,p219168,Liverpool
Jair Cunha,9,516,9,5,13,2,31,25,17,68.0%,9,5,55.6%,p575458,Nott'm Forest
Sebastiaan Bornauw,12,432,8,5,13,6,30,21,9,42.9%,27,11,40.7%,p437738,Leeds
Veljko Milosavljevic,7,367,5,4,13,5,25,9,6,66.7%,27,12,44.4%,p620487,Bournemouth
Jack Harrison,11,263,5,4,13,0,2,20,12,60.0%,4,1,25.0%,p221399,Leeds
Pedro Lima,9,259,8,5,11,0,6,25,10,40.0%,5,2,40.0%,p641221,Wolves
Ethan Pinnock,4,321,5,5,11,5,27,11,7,63.6%,23,13,56.5%,p231065,Brentford
Mateo Kovacic,6,126,2,2,10,0,4,12,6,50.0%,0,0,0.0%,p91651,Man City
Zach Abbott,3,165,4,1,10,1,7,12,6,50.0%,8,6,75.0%,p549067,Nott'm Forest
Luke O'Nien,12,564,6,6,10,1,30,22,15,68.2%,22,9,40.9%,p167512,Sunderland
Joe Worrall,11,497,4,5,10,7,60,10,4,40.0%,42,21,50.0%,p208912,Burnley
Fer López,9,229,1,0,10,0,1,26,8,30.8%,6,2,33.3%,p643135,Wolves
Guido Rodríguez,6,177,1,2,10,0,2,11,5,45.5%,3,2,66.7%,p197024,West Ham
Donyell Malen,21,645,4,0,10,0,2,47,18,38.3%,10,3,30.0%,p204646,Aston Villa
Ethan Nwaneri,6,165,1,0,10,0,1,15,4,26.7%,4,1,25.0%,p499175,Arsenal
Niclas Füllkrug,8,408,2,2,10,1,4,19,3,15.8%,50,18,36.0%,p91889,West Ham
Stefanos Tzimas,9,133,3,0,10,1,1,21,5,23.8%,2,0,0.0%,p608181,Brighton
Federico Chiesa,26,318,8,4,9,1,7,46,17,37.0%,8,3,37.5%,p223541,Liverpool
Nilson Angulo,8,406,10,5,9,0,11,48,20,41.7%,13,5,38.5%,p536661,Sunderland
Levi Colwill,3,225,3,5,9,3,14,7,5,71.4%,10,6,60.0%,p460028,Chelsea
Joël Piroe,16,246,2,1,9,0,1,14,3,21.4%,19,5,26.3%,p235826,Leeds
Christantus Uche,14,159,1,0,9,0,3,27,8,29.6%,21,8,38.1%,p660392,Crystal Palace
Alex Tóth,9,137,1,3,8,1,4,14,4,28.6%,2,0,0.0%,p614574,Bournemouth
Dennis Cirkin,8,320,8,5,8,1,14,25,13,52.0%,10,5,50.0%,p461195,Sunderland
Luis Guilherme,5,121,1,0,8,0,2,13,3,23.1%,1,0,0.0%,p577114,West Ham
Nayef Aguerd,2,180,1,1,8,2,11,3,3,100.0%,7,4,57.1%,p210494,West Ham
Enes Ünal,23,214,1,0,7,1,14,28,11,39.3%,44,10,22.7%,p168636,Bournemouth
Mohamadou Kanté,11,67,6,0,7,1,2,19,8,42.1%,3,2,66.7%,p630699,West Ham
Ben Gannon-Doak,8,105,6,1,6,0,0,21,9,42.9%,4,1,25.0%,p496208,Bournemouth
Tammy Abraham,12,279,4,0,6,0,3,10,5,50.0%,11,5,45.5%,p173879,Aston Villa
Ezra Mayers,6,113,0,1,6,0,4,2,1,50.0%,4,3,75.0%,p602903,West Ham
Diego Coppola,5,194,2,1,6,2,13,9,3,33.3%,18,10,55.6%,p550090,Brighton
Jenson Seelt,2,134,4,0,6,1,7,8,5,62.5%,6,5,83.3%,p519634,Sunderland
Harrison Reed,7,90,0,0,5,0,1,6,1,16.7%,3,1,33.3%,p153366,Fulham
Romelle Donovan,4,38,0,0,5,0,0,14,8,57.1%,1,0,0.0%,p606689,Brentford
Ben Davies,3,138,5,1,5,1,8,8,5,62.5%,7,4,57.1%,p115556,Spurs
Frank Onyeka,6,88,2,0,5,0,3,14,7,50.0%,2,1,50.0%,p428580,Brentford
Fábio Carvalho,6,100,3,0,5,0,0,7,4,57.1%,4,1,25.0%,p244858,Brentford
Christian Nørgaard,7,101,3,0,4,1,8,11,3,27.3%,5,2,40.0%,p128295,Arsenal
Rio Cardines,1,90,1,0,4,0,2,10,4,40.0%,0,0,0.0%,p590014,Crystal Palace
Trey Nyoni,6,21,1,0,4,0,0,5,1,20.0%,0,0,0.0%,p591386,Liverpool
Max Alleyne,2,135,3,4,4,0,4,8,6,75.0%,3,3,100.0%,p494307,Man City
Andrés García,6,83,5,0,4,1,4,9,5,55.6%,0,0,0.0%,p606798,Aston Villa
James Maddison,3,34,1,0,4,0,0,6,2,33.3%,0,0,0.0%,p172780,Spurs
Jonah Kusi-Asare,7,49,1,0,4,0,0,9,3,33.3%,7,1,14.3%,p631786,Fulham
Jack Fletcher,3,107,5,1,4,1,0,13,6,46.2%,5,1,20.0%,p547037,Man Utd
Mike Trésor,6,37,1,0,4,0,0,5,1,20.0%,3,0,0.0%,p437748,Burnley
Marc Guiu,10,266,0,0,4,0,4,19,3,15.8%,17,5,29.4%,p499309,Chelsea
Harvey Elliott,5,110,0,0,4,1,1,3,2,66.7%,2,1,50.0%,p444884,Aston Villa
Oliver Sonne,7,165,2,1,4,0,4,11,3,27.3%,7,5,71.4%,p519895,Burnley
Julio Soler,3,34,1,0,4,0,0,6,3,50.0%,0,0,0.0%,p575901,Bournemouth
Tom Watson,6,57,1,0,4,0,0,5,1,20.0%,1,0,0.0%,p549074,Brighton
Arnaud Kalimuendo,9,89,1,0,4,0,1,5,1,20.0%,7,4,57.1%,p465680,Nott'm Forest
Solly March,4,38,2,0,3,0,0,6,3,50.0%,1,0,0.0%,p109345,Brighton
Tyrell Malacia,3,15,3,0,3,0,1,4,3,75.0%,1,0,0.0%,p222690,Man Utd
Wataru Endo,8,171,7,0,3,0,13,16,10,62.5%,12,8,66.7%,p158983,Liverpool
Facundo Buonanotte,4,81,1,1,3,1,0,6,1,16.7%,2,1,50.0%,p536916,Leeds
Souza,4,144,0,2,3,0,4,11,2,18.2%,1,0,0.0%,p616221,Spurs
Lorenzo Lucca,4,127,0,1,3,0,3,7,2,28.6%,9,5,55.6%,p469130,Nott'm Forest
Igor Julio,4,103,0,1,3,2,10,1,0,0.0%,1,0,0.0%,p223434,Brighton
Borna Sosa,7,99,3,2,3,0,4,8,3,37.5%,4,3,75.0%,p218364,Crystal Palace
Harry Howell,3,93,1,0,3,0,3,8,3,37.5%,6,2,33.3%,p597320,Brighton
Alysson Edward,3,47,0,1,3,0,0,3,3,100.0%,0,0,0.0%,p653481,Aston Villa
Arthur Masuaku,3,127,4,2,3,0,4,15,6,40.0%,1,1,100.0%,p105717,Sunderland
Shea Lacey,3,40,1,0,2,0,0,8,4,50.0%,0,0,0.0%,p576628,Man Utd
Tyler Fletcher,2,17,0,0,2,0,0,0,0,0.0%,0,0,0.0%,p519913,Man Utd
Matt O'Riley,6,203,5,0,2,1,2,13,6,46.2%,7,2,28.6%,p219249,Brighton
Ashley Barnes,7,40,0,0,2,0,0,5,2,40.0%,16,8,50.0%,p44699,Burnley
Jesse Derry,1,44,1,0,2,0,0,4,1,25.0%,2,1,50.0%,p619734,Chelsea
Djiamgone Jocelin Ta Bi,1,39,1,0,2,0,0,6,4,66.7%,2,0,0.0%,p699989,Sunderland
Séamus Coleman,5,20,0,0,2,0,2,2,1,50.0%,1,1,100.0%,p59949,Everton
Mamadou Sarr,3,100,1,1,2,1,5,4,1,25.0%,2,1,50.0%,p574458,Chelsea
Callum Olusesi,1,14,0,0,2,0,0,0,0,0.0%,0,0,0.0%,p499726,Spurs
Joél Drakes-Thomas,2,7,1,0,2,0,0,3,1,33.3%,0,0,0.0%,p672492,Crystal Palace
Tawanda Chirewa,2,25,3,0,2,0,1,7,4,57.1%,1,0,0.0%,p497606,Wolves
Romain Esse,4,40,2,0,2,0,0,11,5,45.5%,4,1,25.0%,p606921,Crystal Palace
Antoni Milambo,1,45,3,0,2,0,0,3,3,100.0%,3,2,66.7%,p543295,Brentford
Hamed Traoré,1,16,1,0,2,0,1,2,1,50.0%,2,0,0.0%,p424044,Bournemouth
Zeki Amdouni,4,69,0,0,1,0,0,7,2,28.6%,2,1,50.0%,p492831,Burnley
Tom Edozie,3,12,1,0,1,0,0,6,3,50.0%,0,0,0.0%,p596054,Wolves
Josh Dasilva,2,2,0,0,1,0,0,1,0,0.0%,0,0,0.0%,p183656,Brentford
George Hemmings,2,25,0,0,1,0,0,1,0,0.0%,0,0,0.0%,p577285,Aston Villa
Bradley Burrowes,1,16,0,0,1,0,0,3,1,33.3%,0,0,0.0%,p645618,Aston Villa
Dário Essugo,3,26,6,0,1,0,1,16,9,56.3%,1,1,100.0%,p491007,Chelsea
Sam Byram,2,8,1,0,1,0,2,2,1,50.0%,0,0,0.0%,p113564,Leeds
Dane Scarlett,2,7,0,0,1,0,0,2,0,0.0%,2,0,0.0%,p490145,Spurs
Divine Mukasa,2,25,0,0,1,0,0,4,0,0.0%,2,0,0.0%,p590039,Man City
Jamaldeen Jimoh-Aloba,1,8,0,0,1,0,0,2,1,50.0%,0,0,0.0%,p559962,Aston Villa
Callum Marshall,2,58,0,2,1,0,0,4,1,25.0%,4,1,25.0%,p565431,West Ham
Patrick Roberts,1,27,0,0,1,0,0,1,1,100.0%,1,0,0.0%,p124165,Sunderland
Sasa Kalajdzic,1,14,0,1,1,0,0,2,0,0.0%,3,2,66.7%,p429414,Wolves
Connor Roberts,0,0,0,0,0,0,0,0,0,0.0%,0,0,0.0%,p192290,Burnley
Jerome Abbey,1,16,1,1,0,0,0,1,1,100.0%,2,2,100.0%,p685628,Wolves
Ethan Sutherland,0,0,0,0,0,0,0,0,0,0.0%,0,0,0.0%,p589121,Wolves
Alex Murphy,2,7,0,1,0,1,2,0,0,0.0%,0,0,0.0%,p545477,Newcastle
Sean Neave,1,13,0,0,0,0,0,1,0,0.0%,1,0,0.0%,p599303,Newcastle
Kaye Furo,1,1,0,0,0,0,0,0,0,0.0%,1,0,0.0%,p593174,Brentford
Lamin Sillah,0,0,0,0,0,0,0,0,0,0.0%,0,0,0.0%,p687076,Nott'm Forest
Adam Aznou,0,0,0,0,0,0,0,0,0,0.0%,0,0,0.0%,p499300,Everton
Alfie Cresswell,0,0,0,0,0,0,0,0,0,0.0%,0,0,0.0%,p592740,Leeds
Rhys Chadwick,0,0,0,0,0,0,0,0,0,0.0%,0,0,0.0%,p577978,Leeds
Keiber Lamadrid,0,0,0,0,0,0,0,0,0,0.0%,0,0,0.0%,p572702,West Ham
Ryan Kavuma-McQueen,0,0,0,0,0,0,0,0,0,0.0%,0,0,0.0%,p616286,Chelsea
Shumaira Mheuka,1,1,0,0,0,0,1,1,0,0.0%,1,0,0.0%,p567119,Chelsea
Jayden Lienou,0,0,0,0,0,0,0,0,0,0.0%,0,0,0.0%,p643970,Leeds
Will Wright,0,0,0,0,0,0,0,0,0,0.0%,0,0,0.0%,p677945,Liverpool
James McConnell,0,0,0,0,0,0,0,0,0,0.0%,0,0,0.0%,p491501,Liverpool
Talla Ndiaye,0,0,0,0,0,0,0,0,0,0.0%,0,0,0.0%,p718875,Liverpool
Jimmy Sinclair,0,0,0,0,0,0,0,0,0,0.0%,0,0,0.0%,p590040,Nott'm Forest
Archie Whitehall,0,0,0,0,0,0,0,0,0,0.0%,0,0,0.0%,p568159,Nott'm Forest
Eric da Silva Moreira,0,0,0,0,0,0,0,0,0,0.0%,0,0,0.0%,p569014,Nott'm Forest
Kieran Morrison,0,0,0,0,0,0,0,0,0,0.0%,0,0,0.0%,p596042,Liverpool
Mathis Eboué,0,0,0,0,0,0,0,0,0,0.0%,0,0,0.0%,p671606,Chelsea
Ollie Shield,0,0,0,0,0,0,0,0,0,0.0%,0,0,0.0%,p494556,Brentford
Saheed Olagunju,0,0,0,0,0,0,0,0,0,0.0%,0,0,0.0%,p601956,Wolves
Harrison Jones,0,0,0,0,0,0,0,0,0,0.0%,0,0,0.0%,p547410,Sunderland
Jim Thwaites,0,0,0,0,0,0,0,0,0,0.0%,0,0,0.0%,p576634,Man Utd
Luka Bentt,0,0,0,0,0,0,0,0,0,0.0%,0,0,0.0%,p559610,Brentford
Joshua Stephenson,0,0,0,0,0,0,0,0,0,0.0%,0,0,0.0%,p649240,Brentford
Jenson Jones,0,0,0,0,0,0,0,0,0,0.0%,0,0,0.0%,p232356,Sunderland
Riley Owen,0,0,0,0,0,0,0,0,0,0.0%,0,0,0.0%,p547671,Brentford
Marli Salmon,0,0,0,0,0,0,0,0,0,0.0%,0,0,0.0%,p616065,Arsenal
Conor McManus,0,0,0,0,0,0,0,0,0,0.0%,0,0,0.0%,p587433,Brentford
Calvin Ramsay,0,0,0,0,0,0,0,0,0,0.0%,0,0,0.0%,p489580,Liverpool
Tyler Fredricson,1,2,0,0,0,0,2,0,0,0.0%,0,0,0.0%,p547676,Man Utd
James Rowswell,1,1,0,0,0,0,0,0,0,0.0%,0,0,0.0%,p499716,Spurs
James Wilson,0,0,0,0,0,0,0,0,0,0.0%,0,0,0.0%,p613232,Spurs
Jack Whittaker,0,0,0,0,0,0,0,0,0,0.0%,0,0,0.0%,p570929,Sunderland
Jaydon Jones,0,0,0,0,0,0,0,0,0,0.0%,0,0,0.0%,p571087,Sunderland
Rio Kyerematen,0,0,0,0,0,0,0,0,0,0.0%,0,0,0.0%,p536134,Spurs
Godwill Kukonki,0,0,0,0,0,0,0,0,0,0.0%,0,0,0.0%,p576637,Man Utd
Leo Shahar,0,0,0,0,0,0,0,0,0,0.0%,0,0,0.0%,p553746,Newcastle
Kian McMahon-Brown,0,0,0,0,0,0,0,0,0,0.0%,0,0,0.0%,p644593,Burnley
Milan Aleksic,0,0,0,0,0,0,0,0,0,0.0%,0,0,0.0%,p626844,Sunderland
Jack Moorhouse,0,0,0,0,0,0,0,0,0,0.0%,0,0,0.0%,p559684,Man Utd
Lucá Williams-Barnett,0,0,0,0,0,0,0,0,0,0.0%,0,0,0.0%,p611917,Spurs
Luke Rawlings,0,0,0,0,0,0,0,0,0,0.0%,0,0,0.0%,p605319,Wolves
Jun'ai Byfield,1,1,0,0,0,0,0,0,0,0.0%,1,1,100.0%,p640419,Spurs
Malcom DaCosta,0,0,0,0,0,0,0,0,0,0.0%,0,0,0.0%,p678552,Bournemouth
Ryan McAidoo,0,0,0,0,0,0,0,0,0,0.0%,0,0,0.0%,p616288,Man City
Zach Marsh,0,0,0,0,0,0,0,0,0,0.0%,0,0,0.0%,p576980,Crystal Palace
Kaden Rodney,1,3,0,0,0,0,0,1,0,0.0%,1,0,0.0%,p530318,Crystal Palace
Amara Nallo,0,0,0,0,0,0,0,0,0,0.0%,0,0,0.0%,p611926,Liverpool
Remy Rees-Dottin,0,0,0,0,0,0,0,0,0,0.0%,0,0,0.0%,p606774,Bournemouth
Danny Imray,0,0,0,0,0,0,0,0,0,0.0%,0,0,0.0%,p502988,Crystal Palace
Dominic Sadi,0,0,0,0,0,0,0,0,0,0.0%,0,0,0.0%,p550596,Bournemouth
Charlie Stevens,0,0,0,0,0,0,0,0,0,0.0%,0,0,0.0%,p658013,Bournemouth
Reece Welch,0,0,0,0,0,0,0,0,0,0.0%,0,0,0.0%,p474907,Everton
Elijah Campbell,0,0,0,0,0,0,0,0,0,0.0%,0,0,0.0%,p491745,Everton
Sam Amissah,0,0,0,0,0,0,0,0,0,0.0%,0,0,0.0%,p591385,Fulham
Dan Neil,3,13,0,1,0,0,1,1,1,100.0%,2,0,0.0%,p223336,Sunderland
Stephen Mfuni,0,0,0,0,0,0,0,0,0,0.0%,0,0,0.0%,p566213,Man City
Tymur Tutierov,0,0,0,0,0,0,0,0,0,0.0%,0,0,0.0%,p604211,Sunderland
Leo Hjelde,0,0,0,0,0,0,0,0,0,0.0%,0,0,0.0%,p477547,Sunderland
Myles Peart-Harris,1,1,0,0,0,0,0,1,0,0.0%,0,0,0.0%,p450539,Brentford
Ben Casey,0,0,0,0,0,0,0,0,0,0.0%,0,0,0.0%,p631106,Crystal Palace
George King,0,0,0,0,0,0,0,0,0,0.0%,0,0,0.0%,p591384,Crystal Palace
Dean Benamar,0,0,0,0,0,0,0,0,0,0.0%,0,0,0.0%,p643426,Crystal Palace
Temple Ojinnaka,0,0,0,0,0,0,0,0,0,0.0%,0,0,0.0%,p514362,Wolves
Seth Ridgeon,0,0,0,0,0,0,0,0,0,0.0%,0,0,0.0%,p619536,Fulham
Charlie Tasker,0,0,0,0,0,0,0,0,0,0.0%,0,0,0.0%,p547720,Brighton
Reigan Heskey,0,0,0,0,0,0,0,0,0,0.0%,0,0,0.0%,p580921,Man City
George Earthy,1,8,0,0,0,0,0,0,0,0.0%,0,0,0.0%,p490885,West Ham
Bendito Mantato,1,15,0,0,0,0,0,1,0,0.0%,0,0,0.0%,p576620,Man Utd
Sam Chambers,0,0,0,0,0,0,0,0,0,0.0%,0,0,0.0%,p565863,Leeds
Oliver Pimlott,0,0,0,0,0,0,0,0,0,0.0%,0,0,0.0%,p647960,Burnley
Jaydon Banel,1,9,0,0,0,0,0,3,1,33.3%,1,0,0.0%,p551206,Burnley
Enock Agyei,0,0,0,0,0,0,0,0,0,0.0%,0,0,0.0%,p578614,Burnley
George Brierley,0,0,0,0,0,0,0,0,0,0.0%,0,0,0.0%,p704232,Burnley
Airidas Golambeckis,0,0,0,0,0,0,0,0,0,0.0%,0,0,0.0%,p643473,West Ham
Enso González,0,0,0,0,0,0,0,0,0,0.0%,0,0,0.0%,p593001,Wolves
TJ Carroll,0,0,0,0,0,0,0,0,0,0.0%,0,0,0.0%,p618027,Aston Villa
Yunus Konak,0,0,0,0,0,0,0,0,0,0.0%,0,0,0.0%,p628204,Brentford
Wellity Lucky,0,0,0,0,0,0,0,0,0,0.0%,0,0,0.0%,p519440,Liverpool
Leon Routh,0,0,0,0,0,0,0,0,0,0.0%,0,0,0.0%,p664015,Aston Villa
Chido Obi,0,0,0,0,0,0,0,0,0,0.0%,0,0,0.0%,p596047,Man Utd
Sam Alabi,0,0,0,0,0,0,0,0,0,0.0%,0,0,0.0%,p666607,Newcastle
Julián Araujo,0,0,0,0,0,0,0,0,0,0.0%,0,0,0.0%,p436893,Bournemouth
Braiden Graham,0,0,0,0,0,0,0,0,0,0.0%,0,0,0.0%,p629068,Everton
Callum Bates,0,0,0,0,0,0,0,0,0,0.0%,0,0,0.0%,p547801,Everton
Kota Takai,0,0,0,0,0,0,0,0,0,0.0%,0,0,0.0%,p553299,Spurs
Gustavo Nunes,0,0,0,0,0,0,0,0,0,0.0%,0,0,0.0%,p626464,Brentford
Freddie Simmonds,0,0,0,0,0,0,0,0,0,0.0%,0,0,0.0%,p604988,Brighton
Joe Knight,1,1,0,0,0,0,0,0,0,0.0%,0,0,0.0%,p567121,Brighton
Nehemiah Oriola,1,1,0,0,0,0,0,0,0,0.0%,0,0,0.0%,p556637,Brighton
Charlie Gray,0,0,0,0,0,0,0,0,0,0.0%,0,0,0.0%,p516234,Man City
Alfie Pond,0,0,0,0,0,0,0,0,0,0.0%,0,0,0.0%,p517179,Wolves
Willy Boly,0,0,0,0,0,0,0,0,0,0.0%,0,0,0.0%,p90585,Nott'm Forest
Benjamin Arthur,0,0,0,0,0,0,0,0,0,0.0%,0,0,0.0%,p622536,Brentford
Jamaal Lascelles,2,19,0,0,0,1,4,0,0,0.0%,1,1,100.0%,p101148,Newcastle
Emil Krafth,1,45,0,0,0,0,1,3,0,0.0%,0,0,0.0%,p111773,Newcastle
Andre Harriman-Annous,0,0,0,0,0,0,0,0,0,0.0%,0,0,0.0%,p646243,Arsenal
Yusuf Akhamrich,0,0,0,0,0,0,0,0,0,0.0%,0,0,0.0%,p590035,Spurs
Ben Broggio,0,0,0,0,0,0,0,0,0,0.0%,0,0,0.0%,p577731,Aston Villa
Landon Emenalo,0,0,0,0,0,0,0,0,0,0.0%,0,0,0.0%,p611912,Chelsea
Diego León,0,0,0,0,0,0,0,0,0,0.0%,0,0,0.0%,p661712,Man Utd
Harry Gray,0,0,0,0,0,0,0,0,0,0.0%,0,0,0.0%,p600882,Leeds
Travis Patterson,0,0,0,0,0,0,0,0,0,0.0%,0,0,0.0%,p534836,Aston Villa
Triston Rowe,0,0,0,0,0,0,0,0,0,0.0%,0,0,0.0%,p569577,Aston Villa
Manuel Akanji,0,0,0,0,0,0,0,0,0,0.0%,0,0,0.0%,p211975,Man City
Ilkay Gündogan,0,0,0,0,0,0,0,0,0,0.0%,0,0,0.0%,p59859,Man City
Aaron Ramsey,0,0,0,0,0,0,0,0,0,0.0%,0,0,0.0%,p447715,Burnley
Manor Solomon,0,0,0,0,0,0,0,0,0,0.0%,0,0,0.0%,p235674,Spurs
Romain Faivre,0,0,0,0,0,0,0,0,0,0.0%,0,0,0.0%,p441240,Bournemouth
Tyler Onyango,0,0,0,0,0,0,0,0,0,0.0%,0,0,0.0%,p461446,Everton
Giovanni Leoni,0,0,0,0,0,0,0,0,0,0.0%,0,0,0.0%,p647681,Liverpool
Odsonne Édouard,1,2,1,0,0,0,0,2,2,100.0%,2,0,0.0%,p199670,Crystal Palace
Youssef Chermiti,0,0,0,0,0,0,0,0,0,0.0%,0,0,0.0%,p491012,Everton
Jakub Kiwior,0,0,0,0,0,0,0,0,0,0.0%,0,0,0.0%,p440854,Arsenal
Luka Vuskovic,0,0,0,0,0,0,0,0,0,0.0%,0,0,0.0%,p610799,Spurs
Largie Ramazani,0,0,0,0,0,0,0,0,0,0.0%,0,0,0.0%,p433952,Leeds
Mads Roerslev,0,0,0,0,0,0,0,0,0,0.0%,0,0,0.0%,p226956,Brentford
Jota Silva,1,11,2,0,0,0,1,3,3,100.0%,1,0,0.0%,p510500,Nott'm Forest
Jesurun Rak-Sakyi,0,0,0,0,0,0,0,0,0,0.0%,0,0,0.0%,p450542,Crystal Palace
Andreas Pereira,0,0,0,0,0,0,0,0,0,0.0%,0,0,0.0%,p156689,Fulham
Edson Álvarez,0,0,0,0,0,0,0,0,0,0.0%,0,0,0.0%,p213999,West Ham
Samuel Iling-Junior,0,0,0,0,0,0,0,0,0,0.0%,0,0,0.0%,p469247,Aston Villa
Park Seung-Soo,0,0,0,0,0,0,0,0,0,0.0%,0,0,0.0%,p623110,Newcastle
Ben Winterburn,1,6,0,0,0,0,0,0,0,0.0%,1,0,0.0%,p606775,Bournemouth
Philip Billing,0,0,0,0,0,0,0,0,0,0.0%,0,0,0.0%,p168991,Bournemouth
