player_name,matches_played,mins,total_assist,op_assist,total_chances_created,op_chances_created,total_xa,op_xa,player_id,club_name
Bruno Fernandes,35,3066,21,10,136,88,12.32,9.12,p141746,Man Utd
Dominik Szoboszlai,36,3233,7,2,78,39,6.81,3.88,p424876,Liverpool
Enzo Fernández,36,3121,4,3,68,58,7.25,6.39,p448047,Chelsea
Declan Rice,36,3099,5,2,63,33,6.96,3.69,p204480,Arsenal
Anton Stach,29,2378,3,2,63,30,4.51,2.07,p466525,Leeds
Bukayo Saka,31,2225,5,3,61,46,7.16,5.63,p223340,Arsenal
Florian Wirtz,33,2388,3,3,60,54,5.17,4.81,p494595,Liverpool
Rayan Cherki,33,1786,12,11,60,39,8.65,7.79,p466052,Man City
Jérémy Doku,30,1784,5,5,59,54,6.18,6.18,p248875,Man City
James Garner,38,3414,7,3,56,26,5.95,2.91,p232928,Everton
Cody Gakpo,36,2747,5,4,54,46,4.69,4.17,p243298,Liverpool
Phil Foden,33,2084,5,4,54,31,4.77,2.91,p209244,Man City
Elliot Anderson,38,3334,4,2,54,30,4.79,3.62,p215379,Nott'm Forest
Marcus Tavernier,34,2738,4,3,54,43,4.64,4.00,p201658,Bournemouth
Pedro Neto,34,2643,6,5,53,38,6.83,5.37,p247632,Chelsea
Enzo Le Fée,36,2934,6,5,53,35,5.92,4.85,p484420,Sunderland
Pedro Porro,34,2798,2,1,53,31,4.48,3.30,p441164,Spurs
Mohamed Salah,27,2148,7,4,49,37,5.31,4.19,p118748,Liverpool
Morgan Gibbs-White,37,3110,4,4,49,42,2.92,2.74,p222531,Nott'm Forest
Yéremy Pino,34,2091,2,1,48,37,6.11,4.60,p488024,Crystal Palace
Bryan Mbeumo,33,2621,3,3,47,29,5.04,3.69,p446008,Man Utd
Bernardo Silva,38,2886,4,3,47,32,4.08,3.18,p165809,Man City
Morgan Rogers,37,3285,6,6,47,41,4.30,4.30,p244850,Aston Villa
Bruno Guimarães,29,2455,5,3,45,29,4.98,3.70,p208706,Newcastle
Jarrod Bowen,38,3405,11,6,45,26,5.24,3.93,p178186,West Ham
Yankuba Minteh,34,2398,4,4,44,35,5.12,4.92,p592031,Brighton
Adam Wharton,34,2562,5,5,44,23,7.38,5.45,p496221,Crystal Palace
Alex Iwobi,29,2434,3,2,44,30,4.69,3.68,p153133,Fulham
Callum Hudson-Odoi,30,1844,4,4,44,40,2.98,2.93,p209046,Nott'm Forest
Mikkel Damsgaard,33,2057,4,4,42,29,5.44,4.42,p440089,Brentford
Amad Diallo,32,2344,3,3,41,35,4.78,4.54,p493250,Man Utd
John McGinn,30,2157,4,3,41,32,3.99,3.01,p122806,Aston Villa
Pascal Groß,19,1636,3,3,39,24,3.83,2.92,p60307,Brighton
Martin Ødegaard,24,1370,6,5,39,30,3.67,3.20,p184029,Arsenal
Harry Wilson,36,2691,7,3,39,20,4.78,3.28,p153682,Fulham
Antoine Semenyo,37,3200,4,4,39,32,3.12,3.02,p437730,Man City
Marc Cucurella,34,2710,4,3,39,34,3.21,3.20,p179268,Chelsea
Hugo Bueno,35,2364,2,1,38,26,3.51,2.50,p490721,Wolves
Jack Grealish,20,1631,6,4,38,32,3.57,3.57,p114283,Everton
Jaidon Anthony,37,2735,2,2,37,32,2.87,2.78,p444180,Burnley
Kiernan Dewsbury-Hall,31,2635,4,3,37,26,5.38,4.42,p215413,Everton
Mateus Fernandes,36,3024,4,4,37,28,2.97,2.51,p551226,West Ham
Neco Williams,37,3206,3,2,36,28,3.96,3.55,p215136,Nott'm Forest
Leandro Trossard,31,2006,6,5,36,30,3.56,3.53,p116216,Arsenal
Casemiro,34,2588,2,2,36,34,3.12,3.12,p61256,Man Utd
Alexis Mac Allister,37,2662,4,3,35,29,1.68,1.49,p243016,Liverpool
Matheus Cunha,33,2503,2,2,34,32,3.28,3.28,p430871,Man Utd
Michael Kayode,37,3264,1,1,34,17,2.94,1.91,p607464,Brentford
Granit Xhaka,34,2903,6,2,34,19,3.71,2.10,p84450,Sunderland
Brenden Aaronson,37,2465,5,5,34,29,3.63,3.63,p427637,Leeds
Xavi Simons,28,1757,5,4,34,25,3.86,3.41,p493362,Spurs
Mathias Jensen,36,2252,1,1,33,16,6.02,4.05,p207283,Brentford
Omari Hutchinson,31,1684,5,4,33,26,3.91,3.60,p503301,Nott'm Forest
Maxim De Cuyper,30,1414,3,2,32,18,4.13,2.53,p465730,Brighton
Youri Tielemans,25,1862,4,2,32,20,3.33,2.53,p166989,Aston Villa
Adrien Truffert,38,3380,5,5,32,27,2.98,2.95,p494521,Bournemouth
Sandro Tonali,35,2543,2,1,32,21,2.89,1.75,p432422,Newcastle
Evanilson,36,2759,1,1,31,30,1.49,1.49,p444102,Bournemouth
Mateus Mané,27,1790,1,1,30,15,3.69,2.54,p647671,Wolves
Emiliano Buendía,36,1759,2,1,30,28,2.29,2.28,p195546,Aston Villa
Matty Cash,35,3020,3,1,30,18,2.95,1.94,p199796,Aston Villa
Mathys Tel,31,1342,1,0,30,17,2.43,1.70,p511499,Spurs
Iliman Ndiaye,32,2786,3,3,30,27,4.41,4.41,p440993,Everton
Kaoru Mitoma,25,1721,1,1,30,29,2.84,2.84,p451340,Brighton
Tyrick Mitchell,38,3253,2,2,29,27,2.52,2.52,p244723,Crystal Palace
Ryan Gravenberch,36,2996,3,2,29,26,2.26,2.26,p441266,Liverpool
João Pedro,35,2674,5,4,29,24,2.00,2.00,p475168,Chelsea
Trai Hume,38,3037,1,1,29,25,2.01,1.75,p487676,Sunderland
Alejandro Garnacho,24,1268,4,4,29,25,3.68,3.68,p493105,Chelsea
El Hadji Malick Diouf,32,2711,5,4,29,23,2.49,2.13,p613804,West Ham
Diogo Dalot,34,2616,3,3,29,25,2.57,2.51,p216051,Man Utd
Kieran Trippier,21,1592,1,1,28,15,2.01,1.13,p77794,Newcastle
Kevin Schade,35,2757,3,3,28,25,2.08,2.05,p513418,Brentford
Matheus Nunes,34,2865,5,5,28,23,2.24,2.20,p465351,Man City
Crysencio Summerville,31,2480,2,1,28,23,3.42,2.84,p450070,West Ham
Sasa Lukic,26,1734,2,1,28,17,1.91,1.12,p212314,Fulham
Patrick Dorgu,26,1445,4,4,27,23,1.85,1.85,p596777,Man Utd
Daniel Muñoz,29,2403,3,3,27,23,3.97,3.96,p247348,Crystal Palace
Dango Ouattara,32,2279,3,2,27,20,4.32,3.75,p533463,Brentford
Reece James,29,1961,4,0,27,16,3.19,2.19,p225796,Chelsea
Malo Gusto,34,2267,3,3,27,24,2.99,2.98,p482609,Chelsea
Alex Scott,37,2859,1,1,27,20,2.95,2.46,p503139,Bournemouth
Jurriën Timber,30,2457,5,5,27,21,1.61,1.60,p445122,Arsenal
Anthony Gordon,26,1814,2,1,26,23,3.37,3.10,p232826,Newcastle
Milos Kerkez,34,2260,1,1,26,25,0.70,0.69,p544877,Liverpool
Ian Maatsen,30,1599,1,1,26,21,2.41,2.19,p441302,Aston Villa
Lucas Digne,31,1852,6,3,26,12,3.26,2.21,p101188,Aston Villa
David Brooks,31,1199,3,3,26,19,3.30,3.04,p111317,Bournemouth
Georginio Rutter,32,1790,3,3,25,22,2.93,2.93,p463067,Brighton
Lewis Hall,30,2179,1,0,25,17,2.75,1.93,p487838,Newcastle
Raúl Jiménez,36,2199,3,3,25,22,0.93,0.93,p102057,Fulham
Rodri,21,1513,0,0,25,25,2.59,2.58,p220566,Man City
Erling Haaland,35,2958,8,8,25,17,2.81,2.81,p223094,Man City
Sean Longstaff,23,1006,2,0,25,10,1.91,0.56,p180135,Leeds
Igor Thiago,38,3284,1,1,24,22,1.88,1.88,p502500,Brentford
Marcos Senesi,37,3290,5,3,24,19,4.67,4.66,p221466,Bournemouth
Cole Palmer,26,1965,1,1,24,23,2.47,2.47,p244851,Chelsea
Nordi Mukiele,32,2787,4,3,24,16,2.48,2.28,p200834,Sunderland
Samuel Chukwueze,23,1075,4,4,24,20,3.30,3.30,p218328,Fulham
James Ward-Prowse,18,1096,1,0,23,5,1.89,0.38,p101178,Burnley
Jacob Murphy,33,1618,2,2,23,20,2.74,2.74,p114243,Newcastle
Harvey Barnes,37,1961,1,1,23,22,2.75,2.75,p201666,Newcastle
Ollie Watkins,37,2852,3,3,23,20,1.30,1.30,p178301,Aston Villa
Nico O'Reilly,34,2648,3,3,23,20,2.69,2.68,p472769,Man City
Lucas Paquetá,18,1521,1,1,23,18,2.11,1.43,p224024,West Ham
Mohammed Kudus,19,1545,5,5,23,10,2.40,1.65,p460842,Spurs
Kobbie Mainoo,28,1653,2,1,22,20,1.28,1.28,p516895,Man Utd
Noni Madueke,26,1217,1,0,22,15,2.83,1.80,p248857,Arsenal
Jacob Ramsey,28,1444,3,2,22,19,1.43,1.43,p232653,Newcastle
Antonee Robinson,22,1492,0,0,22,22,1.57,1.52,p169528,Fulham
Oscar Bobb,23,1037,1,1,22,19,2.11,2.01,p477555,Fulham
Nick Woltemade,33,1912,3,3,22,19,1.53,1.53,p470313,Newcastle
Junior Kroupi,33,1683,0,0,22,22,1.53,1.53,p560262,Bournemouth
Vitalii Mykolenko,33,2960,1,1,22,20,2.46,2.33,p224967,Everton
Diego Gómez,32,2136,1,0,21,19,1.71,1.71,p514254,Brighton
Ferdi Kadioglu,37,3134,0,0,21,18,3.33,2.71,p231416,Brighton
Hannibal Mejbri,27,1231,4,4,21,16,2.06,1.96,p465527,Burnley
Jackson Tchatchoua,31,1837,1,1,21,20,1.69,1.69,p523705,Wolves
Will Hughes,31,1568,0,0,21,12,1.90,0.83,p108413,Crystal Palace
Sander Berge,35,2911,1,1,21,20,1.50,1.50,p207189,Fulham
Vitaly Janelt,25,1437,4,3,21,11,2.27,1.06,p204580,Brentford
Curtis Jones,34,1929,2,2,21,18,2.79,2.78,p206915,Liverpool
Justin Kluivert,20,951,0,0,21,19,1.53,1.31,p222683,Bournemouth
Jayden Bogle,34,2802,2,2,21,19,3.16,3.15,p226182,Leeds
Jadon Sancho,23,873,2,1,21,18,1.94,1.81,p209243,Aston Villa
Gabriel Gudmundsson,32,2637,0,0,21,21,2.75,2.66,p243526,Leeds
Hugo Ekitiké,28,1810,4,3,21,17,2.67,2.67,p510663,Liverpool
Danny Welbeck,37,2263,1,1,20,19,1.40,1.40,p50175,Brighton
Mats Wieffer,26,1908,3,2,20,16,1.87,1.86,p467779,Brighton
Lucas Pires,20,1406,0,0,20,18,1.48,1.35,p549329,Burnley
Marcus Edwards,23,1064,3,2,20,17,1.85,1.84,p174592,Burnley
Daichi Kamada,28,1908,0,0,20,15,3.24,2.49,p209400,Crystal Palace
Viktor Gyökeres,36,2230,1,1,20,19,1.94,1.94,p224117,Arsenal
Andy Robertson,24,1172,0,0,20,19,1.39,1.30,p122798,Liverpool
Richarlison,32,1957,4,2,20,16,1.47,1.46,p212319,Spurs
Dominic Calvert-Lewin,35,2726,1,1,20,19,1.09,1.09,p177815,Leeds
Quilindschy Hartman,21,1830,5,4,20,11,1.99,1.78,p494960,Burnley
Noah Okafor,28,1568,1,1,20,19,1.32,1.32,p435997,Leeds
Wilson Odobert,24,980,2,1,20,18,1.22,1.22,p550839,Spurs
Brennan Johnson,34,1722,1,0,19,13,1.31,0.93,p242898,Crystal Palace
Martín Zubimendi,38,3001,1,1,19,18,2.26,2.26,p481655,Arsenal
Ismaïla Sarr,28,2176,1,1,19,18,1.13,1.13,p232185,Crystal Palace
Jordan Henderson,32,1922,3,3,19,14,2.45,2.00,p56979,Brentford
Keane Lewis-Potter,36,1968,3,3,19,15,2.50,2.46,p249231,Brentford
Douglas Luiz,21,923,0,0,19,12,1.43,0.93,p230046,Aston Villa
Noah Sadiki,33,2894,1,1,19,18,1.45,1.44,p577669,Sunderland
Randal Kolo Muani,30,1670,1,1,19,18,1.77,1.77,p247693,Spurs
Ethan Ampadu,35,3123,1,1,19,15,2.25,1.90,p199598,Leeds
André,35,2766,0,0,18,13,0.99,0.72,p509291,Wolves
Timothy Castagne,30,1842,0,0,18,17,1.46,1.43,p166477,Fulham
Emile Smith Rowe,37,1928,0,0,18,18,1.11,1.11,p209289,Fulham
Moisés Caicedo,33,2802,1,1,18,17,2.38,2.38,p486672,Chelsea
James Tarkowski,37,3330,3,3,18,15,2.07,2.06,p17761,Everton
Aaron Wan-Bissaka,25,2084,2,2,18,16,1.00,0.98,p214590,West Ham
Ao Tanaka,28,1314,0,0,18,10,1.47,0.83,p248056,Leeds
Marc Guéhi,35,3150,3,2,18,15,2.32,2.31,p209036,Man City
Tijjani Reijnders,28,1636,2,2,17,11,2.34,1.65,p433036,Man City
Jake O'Brien,37,3124,1,0,17,13,0.99,0.76,p512462,Everton
Joelinton,27,1953,1,1,17,16,1.35,1.35,p180974,Newcastle
Luke Shaw,38,3231,1,1,16,12,1.98,1.86,p106760,Man Utd
Eberechi Eze,33,1900,2,2,16,14,2.66,2.66,p232413,Arsenal
Rio Ngumoha,19,551,1,0,16,15,2.03,2.03,p611922,Liverpool
Amine Adli,31,1082,1,1,16,14,1.62,1.57,p489888,Bournemouth
João Gomes,35,2833,1,0,16,15,2.08,2.08,p448089,Wolves
Estêvão,22,845,2,2,16,14,2.20,2.13,p624773,Chelsea
Brajan Gruda,18,715,1,1,16,13,0.88,0.85,p513433,Brighton
Jack Hinshelwood,27,1750,3,3,15,12,2.34,2.34,p532529,Brighton
Hwang Hee-Chan,26,1452,2,2,15,12,1.58,1.54,p184754,Wolves
Josh King,32,1304,2,2,15,13,0.65,0.65,p577725,Fulham
Anthony Elanga,32,1313,1,1,15,14,1.76,1.72,p449434,Newcastle
Jeremie Frimpong,21,1039,1,1,15,13,1.58,1.57,p216094,Liverpool
Igor Jesus,37,2314,4,3,15,11,1.27,1.27,p482973,Nott'm Forest
Brian Brobbey,31,1931,1,1,15,14,0.68,0.68,p441264,Sunderland
Dwight McNeil,22,1168,1,1,15,11,1.92,1.60,p433154,Everton
Yasin Ayari,29,1924,3,3,15,9,1.14,0.99,p509416,Brighton
Lewis Miley,23,1493,4,2,15,11,2.11,1.70,p547719,Newcastle
Dan Ballard,29,2148,0,0,15,15,0.66,0.66,p223827,Sunderland
Boubacar Kamara,18,1418,3,2,15,12,0.86,0.84,p226944,Aston Villa
Joe Willock,24,980,2,2,14,11,1.10,1.10,p200089,Newcastle
Kevin,26,1037,1,0,14,12,1.48,1.47,p560552,Fulham
Ryan Sessegnon,27,1822,1,1,14,13,1.81,1.80,p184349,Fulham
Rayan,15,1119,2,2,14,12,1.82,1.82,p499604,Bournemouth
Dan Ndoye,24,1176,1,1,14,13,1.54,1.53,p456512,Nott'm Forest
Pablo,14,826,1,1,14,13,1.12,1.12,p530335,West Ham
Yehor Yarmoliuk,37,2665,2,2,14,12,1.39,1.39,p508395,Brentford
Álex Jiménez,31,2323,0,0,14,14,1.61,1.61,p551483,Bournemouth
Mason Mount,23,1018,0,0,13,12,1.62,1.47,p184341,Man Utd
Jan Paul van Hecke,36,3211,3,2,13,10,1.62,1.61,p469142,Brighton
Loum Tchaouna,29,1270,1,1,13,12,0.93,0.93,p469272,Burnley
Kyle Walker,36,3097,2,0,13,9,1.34,1.21,p58621,Burnley
Florentino,31,2112,2,2,13,11,0.55,0.55,p216055,Burnley
Jefferson Lerma,31,1724,2,1,13,11,1.48,1.39,p152551,Crystal Palace
Gabriel Martinelli,30,1073,4,4,13,8,1.26,1.20,p444145,Arsenal
Piero Hincapié,25,1792,2,1,13,11,1.63,1.63,p448104,Arsenal
James Hill,29,2104,3,2,13,8,1.16,0.95,p463981,Bournemouth
Conor Gallagher,16,1190,1,1,13,12,0.72,0.72,p232787,Spurs
Jean-Ricner Bellegarde,26,1251,1,1,13,10,1.12,1.06,p231057,Wolves
Idrissa Gueye,25,2101,3,3,13,10,1.77,1.77,p80801,Everton
Josh Cullen,18,1519,2,2,13,8,1.35,1.22,p172567,Burnley
Jacob Bruun Larsen,28,1023,1,1,12,8,1.17,1.02,p179458,Burnley
Tolu Arokodare,33,1407,1,1,12,11,0.45,0.45,p488213,Wolves
Josh Laurent,33,1759,0,0,12,12,0.49,0.49,p167887,Burnley
Mikel Merino,22,1027,3,3,12,9,1.46,1.46,p195384,Arsenal
Virgil van Dijk,38,3420,0,0,12,12,1.35,1.34,p97032,Liverpool
Leon Bailey,13,452,1,1,12,8,1.46,1.10,p215711,Aston Villa
Rayan Aït-Nouri,17,976,2,1,12,9,2.02,1.79,p448514,Man City
Omar Marmoush,21,699,3,3,12,9,0.79,0.79,p438234,Man City
Ibrahim Sangaré,28,2080,2,2,12,10,1.79,1.78,p210462,Nott'm Forest
Thierno Barry,38,1915,0,0,12,12,0.47,0.47,p586309,Everton
Beto,37,1565,1,1,12,11,0.22,0.22,p486385,Everton
Destiny Udogie,20,1340,1,1,12,11,0.75,0.74,p487053,Spurs
Pascal Struijk,34,2937,1,1,12,11,0.78,0.78,p222694,Leeds
James Justin,29,1896,1,1,12,7,1.17,0.89,p220627,Leeds
Valentín Castellanos,18,1395,0,0,12,12,0.81,0.81,p247670,West Ham
Chemsdine Talbi,28,1561,1,1,12,10,1.19,1.17,p549912,Sunderland
Joshua Zirkzee,24,608,1,1,11,10,0.35,0.35,p458249,Man Utd
Yerson Mosquera,27,2142,0,0,11,7,0.69,0.60,p501837,Wolves
Kai Havertz,12,583,3,1,11,8,0.66,0.66,p219847,Arsenal
Kenny Tete,22,1794,0,0,11,11,1.42,1.41,p167074,Fulham
Tom Cairney,24,763,0,0,11,10,0.82,0.76,p76357,Fulham
Nathan Collins,35,2972,2,2,11,9,1.62,1.62,p432830,Brentford
Nico González,25,1567,0,0,11,11,1.11,1.11,p465694,Man City
Lewis Cook,18,872,1,0,11,9,0.54,0.31,p155408,Bournemouth
Nicolás Domínguez,27,1175,1,1,11,9,0.79,0.70,p250199,Nott'm Forest
Pape Matar Sarr,26,1391,4,3,11,7,1.10,1.10,p482442,Spurs
Tomás Soucek,35,2198,0,0,11,11,0.53,0.53,p215439,West Ham
Lukas Nmecha,31,1073,1,1,11,10,1.56,1.56,p174594,Leeds
Dilane Bakwa,14,552,2,2,11,7,1.01,0.79,p476887,Nott'm Forest
Ryan Christie,26,986,0,0,11,10,0.83,0.76,p158499,Bournemouth
Ilia Gruev,23,1322,3,3,11,4,0.88,0.59,p486520,Leeds
Cristian Romero,23,1872,1,1,11,10,1.26,1.25,p221632,Spurs
Jhon Arias,23,1121,0,0,11,10,0.62,0.49,p230376,Wolves
Charalampos Kostoulas,21,353,1,1,10,9,0.56,0.56,p647850,Brighton
Lesley Ugochukwu,35,2350,1,1,10,9,0.41,0.41,p503714,Burnley
Zian Flemming,29,1776,0,0,10,10,0.42,0.42,p431639,Burnley
Santiago Bueno,29,2553,1,0,10,9,1.45,1.45,p231480,Wolves
Jørgen Strand Larsen,36,2316,1,1,10,9,1.11,1.11,p247412,Crystal Palace
Calvin Bassey,30,2532,0,0,10,10,0.39,0.38,p232892,Fulham
Ross Barkley,21,852,1,1,10,9,1.35,1.35,p88894,Aston Villa
Charly Alcaraz,20,685,1,1,10,8,0.54,0.51,p502697,Everton
Rodrigo Bentancur,26,1892,1,1,10,9,0.83,0.83,p202993,Spurs
Djed Spence,30,2056,0,0,10,10,1.78,1.77,p232859,Spurs
William Saliba,31,2615,0,0,10,10,1.42,1.42,p462424,Arsenal
Lyle Foster,26,1372,2,2,10,8,0.49,0.49,p435973,Burnley
Tino Livramento,17,1328,1,0,10,9,0.95,0.91,p441191,Newcastle
Carlos Baleba,31,1662,0,0,9,9,0.76,0.76,p535301,Brighton
Ladislav Krejcí,28,2361,1,1,9,8,1.49,1.45,p431248,Wolves
Bashir Humphreys,20,1578,0,0,9,9,0.68,0.68,p461188,Burnley
Jean-Philippe Mateta,32,2222,0,0,9,9,1.31,1.31,p231747,Crystal Palace
Riccardo Calafiori,26,1707,2,1,9,7,0.76,0.73,p466075,Arsenal
Savinho,24,821,1,1,9,7,1.62,1.58,p510281,Man City
Omar Alderete,33,2802,1,1,9,8,0.92,0.92,p201895,Sunderland
Chris Rigg,18,766,1,1,9,8,1.15,1.15,p554197,Sunderland
Daniel James,19,553,0,0,9,9,0.72,0.72,p200617,Leeds
Joe Rodon,35,2953,0,0,9,9,0.57,0.57,p214225,Leeds
Wilfried Gnonto,23,524,1,1,9,8,0.72,0.72,p492859,Leeds
Chris Richards,33,2826,0,0,9,8,1.38,1.11,p427623,Crystal Palace
Benjamin Sesko,30,1635,1,1,9,8,0.28,0.28,p485711,Man Utd
Ola Aina,18,1590,0,0,9,8,0.82,0.78,p159506,Nott'm Forest
Jamie Gittens,16,490,2,2,9,7,0.93,0.93,p463936,Chelsea
James Milner,20,778,1,0,8,7,0.63,0.47,p15157,Brighton
David Møller Wolfe,22,1049,2,2,8,6,1.08,1.08,p497949,Wolves
Rodrigo Muniz,21,997,1,1,8,7,0.14,0.14,p244042,Fulham
Sven Botman,25,1838,1,1,8,7,0.88,0.88,p220237,Newcastle
Ibrahima Konaté,36,3100,0,0,8,8,0.98,0.98,p204716,Liverpool
Jorrel Hato,22,1142,0,0,8,8,0.63,0.63,p551210,Chelsea
Bertrand Traoré,12,638,0,0,8,8,0.24,0.24,p110504,Sunderland
Andrey Santos,27,1255,0,0,8,8,0.88,0.88,p532605,Chelsea
Lutsharel Geertruida,28,1685,0,0,8,8,0.83,0.83,p247955,Sunderland
João Palhinha,33,2197,2,1,8,6,0.66,0.66,p154296,Spurs
Tim Iroegbunam,29,1485,2,1,8,6,0.71,0.71,p490094,Everton
Archie Gray,24,1479,2,1,8,6,1.18,1.18,p547701,Spurs
Callum Wilson,32,1243,1,1,8,7,0.55,0.55,p75115,West Ham
Freddie Potts,22,1167,1,1,8,2,1.07,0.81,p490142,West Ham
Ben White,12,704,1,1,8,7,0.68,0.68,p198869,Arsenal
Murillo,25,2133,0,0,8,7,0.48,0.46,p575476,Nott'm Forest
Lewis Dunk,33,2837,0,0,7,7,0.57,0.57,p83299,Brighton
Maxence Lacroix,35,3087,2,1,7,5,0.89,0.89,p437499,Crystal Palace
Justin Devenny,21,788,0,0,7,7,0.39,0.38,p489706,Crystal Palace
Gabriel Magalhães,32,2751,4,1,7,3,1.82,1.82,p226597,Arsenal
Dan Burn,29,2199,2,2,7,5,0.40,0.35,p78916,Newcastle
Sepp van den Berg,32,2761,2,0,7,5,1.49,1.49,p444765,Brentford
Nathan Aké,18,688,0,0,7,7,0.53,0.53,p126184,Man City
Rico Lewis,11,402,1,1,7,6,1.39,1.39,p477064,Man City
Rúben Dias,26,2140,0,0,7,7,0.64,0.64,p171314,Man City
Amadou Onana,25,1764,0,0,7,6,0.70,0.70,p449871,Aston Villa
Tyler Adams,25,1778,2,1,7,5,0.61,0.61,p200785,Bournemouth
Habib Diarra,20,1407,2,2,7,5,0.83,0.83,p547027,Sunderland
Kyle Walker-Peters,23,1380,0,0,7,7,0.39,0.38,p158534,West Ham
Jaka Bijol,25,1893,2,1,7,5,0.78,0.78,p434752,Leeds
Maxime Estève,34,2937,0,0,7,7,0.66,0.66,p477717,Burnley
Joachim Andersen,33,2877,1,1,7,6,1.82,1.81,p174874,Fulham
Nicolò Savona,14,1026,0,0,7,6,0.44,0.43,p500151,Nott'm Forest
Simon Adingra,14,658,0,0,7,7,0.61,0.61,p535818,Sunderland
Donyell Malen,21,645,1,1,7,6,0.34,0.34,p204646,Aston Villa
Eddie Nketiah,12,416,0,0,7,7,0.48,0.48,p205533,Crystal Palace
Niclas Füllkrug,8,408,0,0,7,7,0.23,0.23,p91889,West Ham
Noussair Mazraoui,20,984,0,0,6,6,0.36,0.35,p230001,Man Utd
Adam Armstrong,14,1146,2,1,6,4,0.86,0.86,p155511,Wolves
Toti Gomes,19,1427,0,0,6,6,0.31,0.30,p510362,Wolves
Angel Gomes,12,464,0,0,6,6,0.28,0.26,p209041,Wolves
William Osula,24,811,0,0,6,6,0.62,0.62,p538207,Newcastle
Malick Thiaw,35,2964,0,0,6,6,0.97,0.97,p465642,Newcastle
James McAtee,14,289,1,1,6,5,0.37,0.36,p432714,Nott'm Forest
Taiwo Awoniyi,17,481,1,1,6,5,0.77,0.77,p210156,Nott'm Forest
Reinildo Mandava,25,1969,1,1,6,5,0.70,0.70,p434399,Sunderland
Dominic Solanke,15,1000,0,0,6,6,0.35,0.35,p154566,Spurs
Micky van de Ven,35,3043,1,0,6,5,0.37,0.37,p491279,Spurs
Merlin Röhl,16,677,0,0,6,6,0.32,0.32,p513466,Everton
Abdukodir Khusanov,21,1429,0,0,6,6,0.57,0.56,p578153,Man City
Stefanos Tzimas,9,133,1,0,6,5,0.12,0.12,p608181,Brighton
Lisandro Martínez,18,1231,0,0,5,4,0.60,0.58,p221820,Man Utd
Cristhian Mosquera,20,989,0,0,5,5,0.63,0.63,p500040,Arsenal
Evann Guessand,21,916,2,2,5,3,1.02,1.02,p485337,Crystal Palace
Joe Gomez,21,599,2,2,5,2,0.66,0.53,p171287,Liverpool
Tyrone Mings,17,1323,0,0,5,5,0.42,0.42,p149484,Aston Villa
Alex Tóth,9,137,0,0,5,4,0.33,0.31,p614574,Bournemouth
Ryan Yates,22,604,2,2,5,3,0.39,0.39,p204968,Nott'm Forest
Adam Smith,22,1076,2,2,5,3,0.25,0.24,p54469,Bournemouth
Chris Wood,15,906,0,0,5,5,0.32,0.32,p60689,Nott'm Forest
Trevoh Chalobah,34,2782,0,0,5,5,1.05,1.05,p180736,Chelsea
Lucas Bergvall,23,966,3,3,5,2,0.43,0.40,p570526,Spurs
Soungoutou Magassa,22,979,0,0,5,5,0.31,0.31,p564940,West Ham
Ollie Scarles,13,659,0,0,5,4,0.31,0.20,p536109,West Ham
Jean-Clair Todibo,23,1817,1,0,5,4,0.33,0.33,p462116,West Ham
Ezri Konsa,34,3036,0,0,5,5,0.58,0.57,p199798,Aston Villa
Armando Broja,24,849,1,0,5,4,0.23,0.23,p440323,Burnley
Ki-Jana Hoever,8,428,0,0,5,4,0.36,0.36,p441271,Wolves
Oleksandr Zinchenko,5,353,0,0,5,5,0.36,0.36,p206325,Nott'm Forest
Olivier Boscagli,12,800,1,1,4,3,0.46,0.46,p204120,Brighton
Leny Yoro,32,1739,0,0,4,4,0.63,0.63,p550864,Man Utd
Matt O'Riley,6,203,0,0,4,3,0.17,0.12,p219249,Brighton
Harry Maguire,23,1655,2,1,4,2,0.52,0.52,p95658,Man Utd
Joël Veltman,24,1050,0,0,4,3,0.22,0.21,p111478,Brighton
Hjalmar Ekdal,19,1539,0,0,4,4,0.27,0.27,p478969,Burnley
Myles Lewis-Skelly,20,698,0,0,4,4,0.20,0.20,p499169,Arsenal
Max Dowman,6,153,0,0,4,4,0.32,0.32,p616077,Arsenal
Yoane Wissa,19,521,1,1,4,3,0.56,0.56,p216646,Newcastle
Kristoffer Ajer,27,1807,1,0,4,3,0.72,0.72,p191866,Brentford
Josko Gvardiol,18,1374,2,1,4,2,0.71,0.71,p477424,Man City
Eliezer Mayenda,20,756,0,0,4,4,0.21,0.21,p564406,Sunderland
Harrison Armstrong,13,528,0,0,4,4,0.21,0.21,p609873,Everton
Tyler Dibling,14,350,0,0,4,4,0.15,0.15,p496661,Everton
Maximilian Kilman,21,1559,0,0,4,4,0.31,0.31,p214048,West Ham
Konstantinos Mavropanos,31,2528,0,0,4,4,0.70,0.70,p233963,West Ham
Tammy Abraham,12,279,0,0,4,3,0.36,0.36,p173879,Aston Villa
Rico Henry,25,1328,1,1,4,3,0.55,0.55,p194010,Brentford
Emmanuel Agbadou,14,1101,0,0,4,4,0.40,0.39,p516939,Wolves
Conor Bradley,15,932,1,1,4,3,0.94,0.93,p492777,Liverpool
Fabian Schär,16,1091,0,0,4,3,0.61,0.60,p119471,Newcastle
Manuel Ugarte,22,881,0,0,3,3,0.20,0.20,p232112,Man Utd
Rodrigo Gomes,22,960,0,0,3,3,0.41,0.41,p483081,Wolves
Pedro Lima,9,259,0,0,3,3,0.37,0.37,p641221,Wolves
Gabriel Jesus,14,421,0,0,3,3,0.28,0.28,p205651,Arsenal
Jaydee Canvot,20,1334,0,0,3,3,0.34,0.34,p651426,Crystal Palace
Nathaniel Clyne,10,596,1,1,3,2,0.68,0.68,p57328,Crystal Palace
Harrison Reed,7,90,0,0,3,2,0.47,0.15,p153366,Fulham
Jorge Cuenca,15,938,0,0,3,3,0.56,0.56,p246301,Fulham
Federico Chiesa,26,318,1,1,3,2,0.61,0.61,p223541,Liverpool
Nikola Milenkovic,38,3375,0,0,3,3,0.71,0.71,p227444,Nott'm Forest
Bafodé Diakité,18,1275,0,0,3,3,0.18,0.18,p242882,Bournemouth
Wesley Fofana,25,1726,1,1,3,2,0.62,0.62,p444463,Chelsea
Nilson Angulo,8,406,0,0,3,2,0.11,0.10,p536661,Sunderland
Liam Delap,28,1102,0,0,3,3,0.22,0.22,p463034,Chelsea
Kevin Danso,24,1491,0,0,3,2,0.28,0.23,p135720,Spurs
Tyrique George,15,353,0,0,3,3,1.18,1.18,p550615,Everton
Facundo Buonanotte,4,81,0,0,3,2,0.28,0.10,p536916,Leeds
Souza,4,144,0,0,3,3,0.04,0.04,p616221,Spurs
Matt Doherty,11,791,0,0,3,3,0.18,0.18,p87835,Wolves
Adama Traoré,24,377,0,0,3,3,0.58,0.58,p159533,West Ham
Marc Guiu,10,266,1,1,3,2,0.30,0.30,p499309,Chelsea
Jarrad Branthwaite,10,681,0,0,3,3,0.12,0.12,p480455,Everton
Fer López,9,229,1,1,3,1,0.61,0.55,p643135,Wolves
Andy Irving,7,157,0,0,3,1,0.17,0.04,p229384,West Ham
Marshall Munetsi,13,873,1,1,3,2,0.38,0.38,p433312,Wolves
Matthijs de Ligt,13,1170,0,0,3,3,0.77,0.77,p209365,Man Utd
Ayden Heaven,17,923,1,1,2,1,0.18,0.18,p606745,Man Utd
Rio Cardines,1,90,0,0,2,2,0.15,0.15,p590014,Crystal Palace
Alexander Isak,14,703,1,1,2,1,0.10,0.10,p219168,Liverpool
Reiss Nelson,10,118,1,0,2,1,0.12,0.12,p200641,Brentford
Lamare Bogarde,28,1047,0,0,2,2,0.21,0.20,p515597,Aston Villa
Victor Lindelöf,17,944,1,1,2,1,0.12,0.12,p184667,Aston Villa
Luca Netz,7,355,0,0,2,2,0.42,0.42,p470315,Nott'm Forest
Morato,21,1342,0,0,2,2,0.16,0.16,p485047,Nott'm Forest
Josh Acheampong,17,663,0,0,2,2,0.14,0.14,p577016,Chelsea
Luke O'Nien,12,564,1,1,2,1,0.14,0.12,p167512,Sunderland
Michael Keane,33,2590,1,1,2,1,0.51,0.51,p106611,Everton
Jack Fletcher,3,107,0,0,2,2,0.03,0.03,p547037,Man Utd
Borna Sosa,7,99,0,0,2,2,0.07,0.07,p218364,Crystal Palace
Ezra Mayers,6,113,0,0,2,2,0.49,0.49,p602903,West Ham
Divine Mukasa,2,25,0,0,2,2,0.21,0.21,p590039,Man City
Jack Harrison,11,263,0,0,2,2,0.23,0.23,p221399,Leeds
Chadi Riad,9,554,1,1,1,0,0.13,0.13,p515621,Crystal Palace
Wataru Endo,8,171,1,1,1,0,0.06,0.06,p158983,Liverpool
Josh Dasilva,2,2,0,0,1,1,0.00,0.00,p183656,Brentford
Romelle Donovan,4,38,0,0,1,1,0.02,0.02,p606689,Brentford
Trey Nyoni,6,21,0,0,1,1,0.02,0.02,p591386,Liverpool
Pau Torres,21,1676,0,0,1,1,0.37,0.37,p244954,Aston Villa
John Stones,9,439,0,0,1,1,0.09,0.09,p97299,Man City
Max Alleyne,2,135,0,0,1,1,0.06,0.06,p494307,Man City
Ben Gannon-Doak,8,105,1,1,1,0,0.12,0.12,p496208,Bournemouth
Jair Cunha,9,516,0,0,1,1,0.07,0.06,p575458,Nott'm Forest
Enes Ünal,23,214,0,0,1,1,0.07,0.07,p168636,Bournemouth
Séamus Coleman,5,20,0,0,1,1,0.16,0.16,p59949,Everton
Joël Piroe,16,246,0,0,1,1,0.13,0.13,p235826,Leeds
Axel Disasi,14,1255,0,0,1,1,0.05,0.05,p220362,West Ham
Mohamadou Kanté,11,67,0,0,1,1,0.06,0.06,p630699,West Ham
Lorenzo Lucca,4,127,0,0,1,1,0.01,0.01,p469130,Nott'm Forest
Jonah Kusi-Asare,7,49,0,0,1,1,0.01,0.01,p631786,Fulham
Roméo Lavia,12,377,0,0,1,1,0.54,0.54,p514356,Chelsea
Tosin Adarabioyo,16,789,0,0,1,1,0.41,0.40,p109646,Chelsea
Igor Julio,4,103,0,0,1,1,0.00,0.00,p223434,Brighton
Mike Trésor,6,37,0,0,1,1,0.01,0.01,p437748,Burnley
Veljko Milosavljevic,7,367,0,0,1,1,0.20,0.20,p620487,Bournemouth
Harvey Elliott,5,110,0,0,1,1,0.09,0.09,p444884,Aston Villa
Romaine Mundle,14,400,0,0,1,1,0.47,0.47,p461199,Sunderland
Oliver Sonne,7,165,0,0,1,1,0.09,0.08,p519895,Burnley
Ben Davies,3,138,0,0,1,1,0.09,0.09,p115556,Spurs
Arnaud Kalimuendo,9,89,0,0,1,1,0.03,0.03,p465680,Nott'm Forest
Bendito Mantato,1,15,0,0,1,1,0.01,0.01,p576620,Man Utd
Ethan Nwaneri,6,165,0,0,1,1,0.08,0.06,p499175,Arsenal
Frank Onyeka,6,88,1,1,1,0,0.37,0.37,p428580,Brentford
Luis Guilherme,5,121,0,0,1,1,0.04,0.04,p577114,West Ham
Arthur Masuaku,3,127,0,0,1,1,0.08,0.08,p105717,Sunderland
Hamed Traoré,1,16,1,1,1,0,0.00,0.00,p424044,Bournemouth
Shea Lacey,3,40,0,0,0,0,0.01,0.01,p576628,Man Utd
Solly March,4,38,0,0,0,0,0.02,0.02,p109345,Brighton
Tyler Fletcher,2,17,0,0,0,0,0.01,0.01,p519913,Man Utd
Tyrell Malacia,3,15,0,0,0,0,0.00,0.00,p222690,Man Utd
Zeki Amdouni,4,69,0,0,0,0,0.02,0.02,p492831,Burnley
Connor Roberts,0,0,0,0,0,0,0.00,0.00,p192290,Burnley
Ashley Barnes,7,40,0,0,0,0,0.04,0.04,p44699,Burnley
Jerome Abbey,1,16,0,0,0,0,0.00,0.00,p685628,Wolves
Ethan Sutherland,0,0,0,0,0,0,0.00,0.00,p589121,Wolves
Tom Edozie,3,12,0,0,0,0,0.00,0.00,p596054,Wolves
Axel Tuanzebe,14,1202,0,0,0,0,0.14,0.14,p180804,Burnley
Christian Nørgaard,7,101,0,0,0,0,0.04,0.04,p128295,Arsenal
Alex Murphy,2,7,0,0,0,0,0.00,0.00,p545477,Newcastle
Sean Neave,1,13,0,0,0,0,0.00,0.00,p599303,Newcastle
Issa Diop,13,814,0,0,0,0,0.05,0.05,p219924,Fulham
Aaron Hickey,21,685,0,0,0,0,0.14,0.13,p472713,Brentford
Kaye Furo,1,1,0,0,0,0,0.00,0.00,p593174,Brentford
Ethan Pinnock,4,321,0,0,0,0,0.06,0.06,p231065,Brentford
George Hemmings,2,25,0,0,0,0,0.01,0.01,p577285,Aston Villa
Mateo Kovacic,0,0,0,0,0,0,0.00,0.00,p91651,Man City
Bradley Burrowes,1,16,0,0,0,0,0.00,0.00,p645618,Aston Villa
Andrés García,6,83,0,0,0,0,0.01,0.01,p606798,Aston Villa
Lamin Sillah,0,0,0,0,0,0,0.00,0.00,p687076,Nott'm Forest
Zach Abbott,3,165,0,0,0,0,0.01,0.01,p549067,Nott'm Forest
Dennis Cirkin,8,320,0,0,0,0,0.03,0.03,p461195,Sunderland
Jesse Derry,1,44,0,0,0,0,0.02,0.02,p619734,Chelsea
Dário Essugo,3,26,0,0,0,0,0.01,0.01,p491007,Chelsea
Wilson Isidor,32,1158,0,0,0,0,0.39,0.39,p437505,Sunderland
Levi Colwill,3,225,0,0,0,0,0.11,0.11,p460028,Chelsea
Djiamgone Jocelin Ta Bi,1,39,0,0,0,0,0.04,0.00,p699989,Sunderland
Radu Dragusin,10,515,0,0,0,0,0.02,0.02,p493125,Spurs
Adam Aznou,0,0,0,0,0,0,0.00,0.00,p499300,Everton
James Maddison,3,34,0,0,0,0,0.06,0.04,p172780,Spurs
Yves Bissouma,11,605,0,0,0,0,0.12,0.12,p227127,Spurs
Alfie Cresswell,0,0,0,0,0,0,0.00,0.00,p592740,Leeds
Sebastiaan Bornauw,12,432,0,0,0,0,0.02,0.02,p437738,Leeds
Rhys Chadwick,0,0,0,0,0,0,0.00,0.00,p577978,Leeds
Sam Byram,2,8,0,0,0,0,0.00,0.00,p113564,Leeds
Keiber Lamadrid,0,0,0,0,0,0,0.00,0.00,p572702,West Ham
Ryan Kavuma-McQueen,0,0,0,0,0,0,0.00,0.00,p616286,Chelsea
Shumaira Mheuka,1,1,0,0,0,0,0.00,0.00,p567119,Chelsea
Mamadou Sarr,3,100,0,0,0,0,0.00,0.00,p574458,Chelsea
Joe Worrall,11,497,0,0,0,0,0.02,0.02,p208912,Burnley
Nathan Patterson,7,240,0,0,0,0,0.04,0.04,p243571,Everton
Jayden Lienou,0,0,0,0,0,0,0.00,0.00,p643970,Leeds
Will Wright,0,0,0,0,0,0,0.00,0.00,p677945,Liverpool
James McConnell,0,0,0,0,0,0,0.00,0.00,p491501,Liverpool
Talla Ndiaye,0,0,0,0,0,0,0.00,0.00,p718875,Liverpool
Jimmy Sinclair,0,0,0,0,0,0,0.00,0.00,p590040,Nott'm Forest
Archie Whitehall,0,0,0,0,0,0,0.00,0.00,p568159,Nott'm Forest
Eric da Silva Moreira,0,0,0,0,0,0,0.00,0.00,p569014,Nott'm Forest
Kieran Morrison,0,0,0,0,0,0,0.00,0.00,p596042,Liverpool
Mathis Eboué,0,0,0,0,0,0,0.00,0.00,p671606,Chelsea
Ollie Shield,0,0,0,0,0,0,0.00,0.00,p494556,Brentford
Saheed Olagunju,0,0,0,0,0,0,0.00,0.00,p601956,Wolves
Harrison Jones,0,0,0,0,0,0,0.00,0.00,p547410,Sunderland
Jim Thwaites,0,0,0,0,0,0,0.00,0.00,p576634,Man Utd
Luka Bentt,0,0,0,0,0,0,0.00,0.00,p559610,Brentford
Joshua Stephenson,0,0,0,0,0,0,0.00,0.00,p649240,Brentford
Jenson Jones,0,0,0,0,0,0,0.00,0.00,p232356,Sunderland
Riley Owen,0,0,0,0,0,0,0.00,0.00,p547671,Brentford
Marli Salmon,0,0,0,0,0,0,0.00,0.00,p616065,Arsenal
Conor McManus,0,0,0,0,0,0,0.00,0.00,p587433,Brentford
Calvin Ramsay,0,0,0,0,0,0,0.00,0.00,p489580,Liverpool
Tyler Fredricson,1,2,0,0,0,0,0.00,0.00,p547676,Man Utd
Callum Olusesi,1,14,0,0,0,0,0.01,0.01,p499726,Spurs
James Rowswell,1,1,0,0,0,0,0.00,0.00,p499716,Spurs
James Wilson,0,0,0,0,0,0,0.00,0.00,p613232,Spurs
Benoît Badiashile,8,471,0,0,0,0,0.07,0.07,p242880,Chelsea
Jack Whittaker,0,0,0,0,0,0,0.00,0.00,p570929,Sunderland
Harry Howell,3,93,0,0,0,0,0.03,0.03,p597320,Brighton
Jaydon Jones,0,0,0,0,0,0,0.00,0.00,p571087,Sunderland
Christantus Uche,14,159,0,0,0,0,0.03,0.03,p660392,Crystal Palace
Rio Kyerematen,0,0,0,0,0,0,0.00,0.00,p536134,Spurs
Godwill Kukonki,0,0,0,0,0,0,0.00,0.00,p576637,Man Utd
Leo Shahar,0,0,0,0,0,0,0.00,0.00,p553746,Newcastle
Alysson Edward,3,47,0,0,0,0,0.05,0.05,p653481,Aston Villa
Kian McMahon-Brown,0,0,0,0,0,0,0.00,0.00,p644593,Burnley
Milan Aleksic,0,0,0,0,0,0,0.00,0.00,p626844,Sunderland
Jack Moorhouse,0,0,0,0,0,0,0.00,0.00,p559684,Man Utd
Lucá Williams-Barnett,0,0,0,0,0,0,0.00,0.00,p611917,Spurs
Luke Rawlings,0,0,0,0,0,0,0.00,0.00,p605319,Wolves
Jun'ai Byfield,1,1,0,0,0,0,0.00,0.00,p640419,Spurs
Malcom DaCosta,0,0,0,0,0,0,0.00,0.00,p678552,Bournemouth
Ryan McAidoo,0,0,0,0,0,0,0.00,0.00,p616288,Man City
Zach Marsh,0,0,0,0,0,0,0.00,0.00,p576980,Crystal Palace
Kaden Rodney,1,3,0,0,0,0,0.00,0.00,p530318,Crystal Palace
Amara Nallo,0,0,0,0,0,0,0.00,0.00,p611926,Liverpool
Remy Rees-Dottin,0,0,0,0,0,0,0.00,0.00,p606774,Bournemouth
Danny Imray,0,0,0,0,0,0,0.00,0.00,p502988,Crystal Palace
Dominic Sadi,0,0,0,0,0,0,0.00,0.00,p550596,Bournemouth
Dane Scarlett,2,7,0,0,0,0,0.01,0.01,p490145,Spurs
Diego Coppola,5,194,0,0,0,0,0.02,0.02,p550090,Brighton
Charlie Stevens,0,0,0,0,0,0,0.00,0.00,p658013,Bournemouth
Reece Welch,0,0,0,0,0,0,0.00,0.00,p474907,Everton
Jamaldeen Jimoh-Aloba,1,8,0,0,0,0,0.00,0.00,p559962,Aston Villa
Elijah Campbell,0,0,0,0,0,0,0.00,0.00,p491745,Everton
Sam Amissah,0,0,0,0,0,0,0.00,0.00,p591385,Fulham
Dan Neil,3,13,0,0,0,0,0.00,0.00,p223336,Sunderland
Joél Drakes-Thomas,2,7,0,0,0,0,0.00,0.00,p672492,Crystal Palace
Guido Rodríguez,6,177,0,0,0,0,0.04,0.04,p197024,West Ham
Stephen Mfuni,0,0,0,0,0,0,0.00,0.00,p566213,Man City
Julio Soler,3,34,0,0,0,0,0.01,0.01,p575901,Bournemouth
Tymur Tutierov,0,0,0,0,0,0,0.00,0.00,p604211,Sunderland
Leo Hjelde,0,0,0,0,0,0,0.00,0.00,p477547,Sunderland
Myles Peart-Harris,1,1,0,0,0,0,0.00,0.00,p450539,Brentford
Ben Casey,0,0,0,0,0,0,0.00,0.00,p631106,Crystal Palace
George King,0,0,0,0,0,0,0.00,0.00,p591384,Crystal Palace
Dean Benamar,0,0,0,0,0,0,0.00,0.00,p643426,Crystal Palace
Temple Ojinnaka,0,0,0,0,0,0,0.00,0.00,p514362,Wolves
Tawanda Chirewa,2,25,0,0,0,0,0.00,0.00,p497606,Wolves
Seth Ridgeon,0,0,0,0,0,0,0.00,0.00,p619536,Fulham
Tom Watson,6,57,0,0,0,0,0.04,0.04,p549074,Brighton
Charlie Tasker,0,0,0,0,0,0,0.00,0.00,p547720,Brighton
Reigan Heskey,0,0,0,0,0,0,0.00,0.00,p580921,Man City
George Earthy,1,8,0,0,0,0,0.01,0.01,p490885,West Ham
Romain Esse,4,40,0,0,0,0,0.04,0.04,p606921,Crystal Palace
Sam Chambers,0,0,0,0,0,0,0.00,0.00,p565863,Leeds
Oliver Pimlott,0,0,0,0,0,0,0.00,0.00,p647960,Burnley
Jaydon Banel,1,9,0,0,0,0,0.00,0.00,p551206,Burnley
Enock Agyei,0,0,0,0,0,0,0.00,0.00,p578614,Burnley
George Brierley,0,0,0,0,0,0,0.00,0.00,p704232,Burnley
Airidas Golambeckis,0,0,0,0,0,0,0.00,0.00,p643473,West Ham
Enso González,0,0,0,0,0,0,0.00,0.00,p593001,Wolves
TJ Carroll,0,0,0,0,0,0,0.00,0.00,p618027,Aston Villa
Yunus Konak,0,0,0,0,0,0,0.00,0.00,p628204,Brentford
Wellity Lucky,0,0,0,0,0,0,0.00,0.00,p519440,Liverpool
Leon Routh,0,0,0,0,0,0,0.00,0.00,p664015,Aston Villa
Chido Obi,0,0,0,0,0,0,0.00,0.00,p596047,Man Utd
Sam Alabi,0,0,0,0,0,0,0.00,0.00,p666607,Newcastle
Julián Araujo,0,0,0,0,0,0,0.00,0.00,p436893,Bournemouth
Braiden Graham,0,0,0,0,0,0,0.00,0.00,p629068,Everton
Callum Bates,0,0,0,0,0,0,0.00,0.00,p547801,Everton
Kota Takai,0,0,0,0,0,0,0.00,0.00,p553299,Spurs
Gustavo Nunes,0,0,0,0,0,0,0.00,0.00,p626464,Brentford
Freddie Simmonds,0,0,0,0,0,0,0.00,0.00,p604988,Brighton
Joe Knight,1,1,0,0,0,0,0.00,0.00,p567121,Brighton
Nehemiah Oriola,1,1,0,0,0,0,0.00,0.00,p556637,Brighton
Charlie Gray,0,0,0,0,0,0,0.00,0.00,p516234,Man City
Alfie Pond,0,0,0,0,0,0,0.00,0.00,p517179,Wolves
Willy Boly,0,0,0,0,0,0,0.00,0.00,p90585,Nott'm Forest
Callum Marshall,2,58,0,0,0,0,0.00,0.00,p565431,West Ham
Benjamin Arthur,0,0,0,0,0,0,0.00,0.00,p622536,Brentford
Jamaal Lascelles,2,19,0,0,0,0,0.00,0.00,p101148,Newcastle
Emil Krafth,1,45,0,0,0,0,0.00,0.00,p111773,Newcastle
Fábio Carvalho,6,100,0,0,0,0,0.03,0.01,p244858,Brentford
Andre Harriman-Annous,0,0,0,0,0,0,0.00,0.00,p646243,Arsenal
Yusuf Akhamrich,0,0,0,0,0,0,0.00,0.00,p590035,Spurs
Ben Broggio,0,0,0,0,0,0,0.00,0.00,p577731,Aston Villa
Landon Emenalo,0,0,0,0,0,0,0.00,0.00,p611912,Chelsea
Diego León,0,0,0,0,0,0,0.00,0.00,p661712,Man Utd
Antoni Milambo,1,45,0,0,0,0,0.01,0.01,p543295,Brentford
Harry Gray,0,0,0,0,0,0,0.00,0.00,p600882,Leeds
Travis Patterson,0,0,0,0,0,0,0.00,0.00,p534836,Aston Villa
Triston Rowe,0,0,0,0,0,0,0.00,0.00,p569577,Aston Villa
Manuel Akanji,0,0,0,0,0,0,0.00,0.00,p211975,Man City
Ilkay Gündogan,0,0,0,0,0,0,0.00,0.00,p59859,Man City
Aaron Ramsey,0,0,0,0,0,0,0.00,0.00,p447715,Burnley
Patrick Roberts,1,27,0,0,0,0,0.02,0.02,p124165,Sunderland
Jenson Seelt,2,134,0,0,0,0,0.02,0.02,p519634,Sunderland
Manor Solomon,0,0,0,0,0,0,0.00,0.00,p235674,Spurs
Romain Faivre,0,0,0,0,0,0,0.00,0.00,p441240,Bournemouth
Sasa Kalajdzic,1,14,0,0,0,0,0.01,0.01,p429414,Wolves
Tyler Onyango,0,0,0,0,0,0,0.00,0.00,p461446,Everton
Giovanni Leoni,0,0,0,0,0,0,0.00,0.00,p647681,Liverpool
Odsonne Édouard,1,2,0,0,0,0,0.00,0.00,p199670,Crystal Palace
Youssef Chermiti,0,0,0,0,0,0,0.00,0.00,p491012,Everton
Jakub Kiwior,0,0,0,0,0,0,0.00,0.00,p440854,Arsenal
Luka Vuskovic,0,0,0,0,0,0,0.00,0.00,p610799,Spurs
Nayef Aguerd,2,180,0,0,0,0,0.03,0.03,p210494,West Ham
Largie Ramazani,0,0,0,0,0,0,0.00,0.00,p433952,Leeds
Mads Roerslev,0,0,0,0,0,0,0.00,0.00,p226956,Brentford
Jota Silva,1,11,0,0,0,0,0.00,0.00,p510500,Nott'm Forest
Jesurun Rak-Sakyi,0,0,0,0,0,0,0.00,0.00,p450542,Crystal Palace
Andreas Pereira,0,0,0,0,0,0,0.00,0.00,p156689,Fulham
Edson Álvarez,0,0,0,0,0,0,0.00,0.00,p213999,West Ham
Samuel Iling-Junior,0,0,0,0,0,0,0.00,0.00,p469247,Aston Villa
Park Seung-Soo,0,0,0,0,0,0,0.00,0.00,p623110,Newcastle
Ben Winterburn,1,6,0,0,0,0,0.00,0.00,p606775,Bournemouth
Philip Billing,0,0,0,0,0,0,0.00,0.00,p168991,Bournemouth
